개방자치단체코드,관리번호,인허가일자,영업상태명,폐업일자,소재지면적,소재지우편번호,도로명우편번호,사업장명,업태구분명,데이터갱신구분,건물소유구분명,공장사무직직원수,공장생산직직원수,공장판매직직원수,급수시설구분명,남성종사자수,다중이용업소여부,데이터갱신시점,도로명주소,등급구분명,보증액,본사직원수,상세영업상태명,상세영업상태코드,시설총규모,여성종사자수,영업상태코드,영업장주변구분명,월세액,위생업태명,전통업소주된음식,전통업소지정번호,전화번호,좌표정보(X),좌표정보(Y),지번주소,홈페이지,최종수정시점
5080000,5080000-121-1981-00001,1981-11-02,폐업,2014-12-15,29.67,730-916,,고려당과자점,제과점영업,I,,,,,,0,N,2025-12-15 16:15:28,,,,,폐업,02,29.67,0,03,,,제과점영업,,,0544520531,319653.2245633      ,292902.739344634    ,경상북도 구미시 원평동 121-15 ,,2015-03-02 16:57:53
5080000,5080000-121-1984-00007,1984-05-14,폐업,2014-12-15,30.41,730-804,39117,고려당제과점,제과점영업,I,,,,,,0,N,2025-12-15 16:15:28,경상북도 구미시 선산읍 선산대로 1408 (1층 21호),,,,폐업,02,30.41,0,03,,,제과점영업,,,05400000000,317193.033604751    ,305165.755171683    ,경상북도 구미시 선산읍 동부리 327-5 1층 21호 ,,2015-03-02 17:00:03
5080000,5080000-121-1987-00001,1987-09-25,폐업,2005-10-12,,730-940,,르망제과점,제과점영업,I,,,,,,0,N,2025-12-15 16:15:28,,,,,폐업,02,0,0,03,,,제과점영업,,,0544533248,,,경상북도 구미시 송정동 176-6 ,,2001-10-15 00:00:00
5080000,5080000-121-1988-00001,1988-05-19,폐업,2015-07-04,38.90,730-904,39375,니나과자점,제과점영업,I,,,,,,0,N,2025-12-15 16:15:28,경상북도 구미시 산호대로 187 (공단동),,,,폐업,02,38.9,0,03,,,제과점영업,,,0544630953,,,경상북도 구미시 공단동 262 ,,2015-08-26 09:59:30
5080000,5080000-121-1989-00004,1989-02-25,폐업,2005-10-13,26.95,730-826,,명신제과점,제과점영업,I,,,,,,0,N,2025-12-15 16:15:28,,,,,폐업,02,26.95,0,03,,,제과점영업,,,0544610056,322730.288269789    ,292249.20167689     ,경상북도 구미시 신평동 70-274 ,,2001-10-15 00:00:00
5080000,5080000-121-1989-00005,1989-08-26,폐업,2009-04-02,51.35,730-940,,파리바게트구미송정점,제과점영업,I,,,,,,0,N,2025-12-15 16:15:28,,,,,폐업,02,51.35,0,03,,,제과점영업,,,0544520250,321351.745470469    ,291833.03715594     ,경상북도 구미시 송정동 64-1 ,,2005-02-03 00:00:00
5080000,5080000-121-1989-00007,1989-10-04,폐업,2009-05-25,30.00,730-320,,아름제과,제과점영업,I,,,,,,0,N,2025-12-15 16:15:28,,,,,폐업,02,30,0,03,,,제과점영업,,,0544710439,328132.202606515    ,290732.714563399    ,경상북도 구미시 인의동 435-2 ,,2001-10-15 00:00:00
5080000,5080000-121-1990-00012,1990-11-20,폐업,2014-12-15,26.16,730-802,39124,몽마르트제과점,제과점영업,I,,,,,,0,N,2025-12-15 16:15:28,경상북도 구미시 선산읍 선산중앙로 33-1,,,,폐업,02,26.16,0,03,,,제과점영업,,,05400000000,316429.213334439    ,305223.028408048    ,경상북도 구미시 선산읍 이문리 44-9 ,,2015-03-02 17:02:01
5080000,5080000-121-1992-00012,1992-04-22,폐업,2009-06-04,59.02,730-816,,몽마르트제과점,제과점영업,I,,,,,,0,N,2025-12-15 16:15:28,,,,,폐업,02,59.02,0,03,,,제과점영업,,,0544818066,318313.840568537    ,302513.300181872    ,경상북도 구미시 고아읍 오로리 104-2 ,,2006-11-08 00:00:00
5080000,5080000-121-1993-00008,1993-08-21,폐업,2018-02-14,27.72,730-921,39301,모닝브레드,제과점영업,I,,,,,,0,N,2025-12-15 16:15:28,경상북도 구미시 원남로 59-1 (원평동),,,,폐업,02,27.72,0,03,,,제과점영업,,,0544568068,319438.094201721    ,292817.67957406     ,경상북도 구미시 원평동 77-28 ,,2018-02-14 17:38:24
5080000,5080000-121-1993-00010,1993-11-22,폐업,2009-12-11,23.40,730-932,,밀타운,제과점영업,I,,,,,,0,N,2025-12-15 16:15:28,,,,,폐업,02,23.4,0,03,,,제과점영업,,,0544725074,,,경상북도 구미시 황상동 161 112호 ,,2001-10-15 00:00:00
5080000,5080000-121-1993-00018,1993-12-23,폐업,2014-12-15,14.28,730-916,39221,하이밀베이커리,제과점영업,I,,,,,,0,N,2025-12-15 16:15:28,경상북도 구미시 구미중앙로 61 (원평동),,,,폐업,02,14.28,0,03,,,제과점영업,,,05400000000,319621.851004455    ,292959.351608984    ,경상북도 구미시 원평동 119-20 ,,2015-03-02 17:03:51
5080000,5080000-121-1993-00020,1993-04-15,폐업,2005-10-04,24.12,730-873,,해평제과,제과점영업,I,,,,,,0,N,2025-12-15 16:15:28,,,,,폐업,02,24.12,0,03,,,제과점영업,,,05400000000,325181.564328146    ,300421.947991013    ,경상북도 구미시 해평면 낙성리 126-11 ,,2001-10-26 00:00:00
5080000,5080000-121-1994-00026,1994-04-27,폐업,2014-12-15,23.72,730-921,39302,마로니과자점,제과점영업,I,,,,,,0,N,2025-12-15 16:15:28,경상북도 구미시 금오산로18길 14-19 (원평동),,,,폐업,02,23.72,0,03,,,제과점영업,,,0544511676,,,경상북도 구미시 원평동 415 ,,2015-03-02 17:06:58
5080000,5080000-121-1994-00033,1994-09-09,폐업,2014-12-15,29.01,730-916,39221,파리바케뜨,제과점영업,I,,,,,,0,N,2025-12-15 16:15:28,"경상북도 구미시 구미중앙로11길 6 (원평동,지하 31,32호)",,,,폐업,02,29.01,0,03,,,제과점영업,,,0544620763,319727.748832184    ,292936.873302065    ,"경상북도 구미시 원평동 123-7 지하 31,32호 ",,2015-03-02 17:17:23
5080000,5080000-121-1994-00037,1994-10-04,폐업,2016-03-21,27.38,730-908,39195,밀타운과자점도량점,제과점영업,I,,,,,,0,N,2025-12-15 16:15:28,"경상북도 구미시 송동로 141 (도량동,상가 102호)",,,,폐업,02,27.38,0,03,,,제과점영업,,,0544563387,,,경상북도 구미시 도량동 91 상가 102호 ,,2007-06-29 13:11:38
5080000,5080000-121-1994-00043,1994-12-28,폐업,2015-07-10,38.52,730-100,39258,스위스베이커리,제과점영업,I,,,,,,0,N,2025-12-15 16:15:28,경상북도 구미시 신비로 112 (비산동),,,,폐업,02,38.52,0,03,,,제과점영업,,,0544614936,323652.312401168    ,292016.177934901    ,경상북도 구미시 비산동 504-32 ,,2014-04-21 20:38:33
5080000,5080000-121-1994-00044,1994-06-24,폐업,2014-12-15,30.29,730-050,39301,이순재빵집구미점,제과점영업,I,,,,,,0,N,2025-12-15 16:15:28,"경상북도 구미시 선기로1길 21 (남통동,그린두산맨션단지내 1층 102호)",,,,폐업,02,30.29,0,03,,,제과점영업,,,0544564003,318790.812278276    ,292853.111113312    ,경상북도 구미시 남통동 20-1 그린두산맨션단지내 1층 102호 ,,2015-03-02 17:19:30
5080000,5080000-121-1995-00002,1995-11-29,폐업,2015-08-04,65.90,730-922,39222,배익수베이커리,제과점영업,I,,,,,,0,N,2025-12-15 16:15:28,경상북도 구미시 구미중앙로 100 (원평동),,,,폐업,02,65.9,0,03,,,제과점영업,,,0544522345,319944.579368007    ,292749.705023481    ,경상북도 구미시 원평동 1008-98 ,,2011-09-15 14:08:36
5080000,5080000-121-1995-00003,1995-07-04,폐업,2014-11-03,28.44,730-923,39220,크라운베이커리,제과점영업,I,,,,,,0,N,2025-12-15 16:15:28,경상북도 구미시 구미중앙로 97-2 (원평동),,,,폐업,02,28.44,0,03,,,제과점영업,,,0544523742,319965.511432509    ,292787.91270314     ,경상북도 구미시 원평동 375-11 ,,2001-10-15 00:00:00
5080000,5080000-121-1995-00018,1995-12-04,폐업,2022-11-28,38.50,730-907,39196,만인의과자점,제과점영업,I,,,,,상수도전용,0,N,2025-12-15 16:15:28,"경상북도 구미시 송동로 162, 상가동 103호 (도량동)",,,,폐업,02,38.5,0,03,,,제과점영업,,,0544537663,,,경상북도 구미시 도량동 77 상가동 103호 ,,2022-11-28 09:47:02
5080000,5080000-121-1995-00019,1995-01-09,폐업,2005-10-13,61.85,730-932,,빵사빵사과자점,제과점영업,I,,,,,,0,N,2025-12-15 16:15:28,,,,,폐업,02,61.85,0,03,,,제과점영업,,,0544744060,328230.337942875    ,291578.965121935    ,경상북도 구미시 황상동 201-19 ,,2001-10-18 00:00:00
5080000,5080000-121-1995-00021,1995-02-15,폐업,2006-05-10,58.98,730-928,,그린제과점,제과점영업,I,,,,,,0,N,2025-12-15 16:15:28,,,,,폐업,02,58.98,0,03,,,제과점영업,,,0544567457,319869.338598545    ,291070.010231736    ,경상북도 구미시 형곡동 152-1 ,,2005-04-04 00:00:00
5080000,5080000-121-1995-00022,1995-02-27,영업/정상,,75.70,730-930,39314,파리바게뜨구미형곡점,제과점영업,I,,,,,상수도전용,0,N,2025-12-15 16:15:28,경상북도 구미시 형곡로 191 (형곡동),,,,영업,01,75.7,0,01,,,제과점영업,,,0544563420,320304.664582519    ,290436.99833362     ,경상북도 구미시 형곡동 262-5 ,,2016-12-19 10:43:43
5080000,5080000-121-1995-00033,1995-06-29,폐업,2011-09-16,30.24,730-927,,그랜드제과,제과점영업,I,,,,,,0,N,2025-12-15 16:15:28,,,,,폐업,02,30.24,0,03,,,제과점영업,,,0544575390,,,경상북도 구미시 형곡동 146 상가 1층 105호 ,,2001-10-18 00:00:00
5080000,5080000-121-1995-00038,1995-10-23,폐업,2014-12-15,74.25,730-110,39330,그랑프리제과,제과점영업,I,,,,,,0,N,2025-12-15 16:15:28,경상북도 구미시 상사동로 125 (사곡동),,,,폐업,02,74.25,0,03,,,제과점영업,,,0544618735,322273.828301759    ,289220.6656912      ,경상북도 구미시 사곡동 520-8 ,,2015-03-02 17:21:22
5080000,5080000-121-1995-00042,1995-12-26,폐업,2005-10-12,24.20,730-916,,밀탑신평점,제과점영업,I,,,,,,0,N,2025-12-15 16:15:28,,,,,폐업,02,24.2,0,03,,,제과점영업,,,0544622049,322534.798594143    ,292316.197178448    ,경상북도 구미시 신평동 136-7 ,,2005-08-22 00:00:00
5080000,5080000-121-1996-00001,1996-09-05,영업/정상,,27.65,730-916,39237,빵굽는마을베이커리,제과점영업,I,,,,,,0,N,2025-12-15 16:15:28,"경상북도 구미시 구미중앙로45길 22, 2호 (신평동)",,,,영업,01,27.65,0,01,,,제과점영업,,,0544636690,322387.857289445    ,292076.634476289    ,경상북도 구미시 신평동 150-10 2호 ,,2014-01-06 14:48:33
5080000,5080000-121-1996-00002,1996-04-27,폐업,2005-11-04,45.15,730-903,,일신베이커리,제과점영업,I,,,,,,0,N,2025-12-15 16:15:28,,,,,폐업,02,45.15,0,03,,,제과점영업,,,0544637796,323943.31887112     ,290848.77929798     ,경상북도 구미시 공단동 205-1 ,,2002-10-11 00:00:00
5080000,5080000-121-1996-00019,1996-05-22,폐업,2005-10-14,34.43,730-909,,문성권베이커리,제과점영업,I,,,,,,0,N,2025-12-15 16:15:28,,,,,폐업,02,34.43,0,03,,,제과점영업,,,0544583108,319882.46304249     ,294191.413321265    ,경상북도 구미시 도량동 738-43 ,,2001-10-18 00:00:00
5080000,5080000-121-1996-00023,1996-06-25,폐업,2005-10-17,31.44,730-908,,밀탑도량점,제과점영업,I,,,,,,0,N,2025-12-15 16:15:28,,,,,폐업,02,31.44,0,03,,,제과점영업,,,0544576777,,,경상북도 구미시 도량동 112 시영아파트 상가 B동 104호,,2001-10-18 00:00:00
5080000,5080000-121-1996-00030,1996-09-13,폐업,2012-02-14,26.45,730-932,,파리바게뜨인동점,제과점영업,I,,,,,,0,N,2025-12-15 16:15:28,,,,,폐업,02,26.45,0,03,,,제과점영업,,,0544726730,327965.680892252    ,290659.012174737    ,경상북도 구미시 황상동 280-3 ,,2004-06-18 00:00:00
5080000,5080000-121-1997-00023,1997-10-28,폐업,2015-07-04,27.54,730-908,39200,이딸리앙베이커리도량한빛점,제과점영업,I,,,,,,0,N,2025-12-15 16:15:28,"경상북도 구미시 송동로 117, A동 103호 (도량동, 한빛타운상가)",,,,폐업,02,27.54,0,03,,,제과점영업,,,0544578979,,,경상북도 구미시 도량동 112 한빛타운상가 A동 1층 103호 ,,2015-08-26 10:02:18
5080000,5080000-121-1997-00025,1997-10-08,폐업,2008-10-24,66.00,730-904,,파리바게뜨 구미공단점,제과점영업,I,,,,,상수도전용,,N,2025-12-15 16:15:28,,,,,폐업,02,66,,03,,,제과점영업,,,0544645665,324603.427946523    ,289914.645255556    ,경상북도 구미시 공단동 264-19 ,,2008-11-24 10:44:12
5080000,5080000-121-1997-00033,1997-01-13,폐업,2014-12-15,31.16,730-819,39179,신라방베이커리,제과점영업,I,,,,,,0,N,2025-12-15 16:15:28,"경상북도 구미시 흥안로2길 5-7 (옥계동,1층)",,,,폐업,02,31.16,0,03,,,제과점영업,,,0544759279,327418.13220278     ,295017.500078313    ,경상북도 구미시 옥계동 555-1 1층 ,,2015-03-02 17:23:32
5080000,5080000-121-1997-00044,1997-04-25,폐업,2005-10-19,17.25,730-916,,이순재빵집,제과점영업,I,,,,,,0,N,2025-12-15 16:15:28,,,,,폐업,02,17.25,0,03,,,제과점영업,,,05400000000,319721.822887552    ,293071.887830055    ,경상북도 구미시 원평동 120-17 1층 ,,2001-10-18 00:00:00
5080000,5080000-121-1997-00052,1997-07-18,폐업,2014-12-15,62.06,730-923,39226,파리쟝과자점,제과점영업,I,,,,,,0,N,2025-12-15 16:15:28,경상북도 구미시 구미중앙로 122 (원평동),,,,폐업,02,62.06,0,03,,,제과점영업,,,0544582365,320154.654138441    ,292645.368140803    ,경상북도 구미시 원평동 360-7 ,,2015-03-02 17:25:08
5080000,5080000-121-1997-00059,1997-09-04,폐업,2000-02-10,47.92,730-804,,준베이커리,제과점영업,I,,,,,,0,N,2025-12-15 16:15:28,,,,,폐업,02,47.92,0,03,,,제과점영업,,,0544822812,,,"경상북도 구미시 선산읍 완전리 239 ,239-1,240-1 ",,2005-10-11 00:00:00
5080000,5080000-121-1997-00062,1997-02-05,폐업,2023-02-01,27.30,730-817,39149,한누리빵집,제과점영업,I,,,,,,0,N,2025-12-15 16:15:28,"경상북도 구미시 고아읍 문장로22길 37, 105호 (한누리상가)",,,,폐업,02,27.3,0,03,,,제과점영업,,,0544410840,,,경상북도 구미시 고아읍 원호리 447 한누리상가 1층 105호 ,,2023-02-01 13:25:52
5080000,5080000-121-1997-00063,1997-02-05,폐업,2010-12-30,25.35,730-814,,크라운베이커리원호점,제과점영업,I,,,,,,0,N,2025-12-15 16:15:28,,,,,폐업,02,25.35,0,03,,,제과점영업,,,0544410779,,,경상북도 구미시 고아읍 원호리 454 1층 103호 ,,2001-10-29 00:00:00
5080000,5080000-121-1997-00064,1997-03-03,폐업,2014-12-15,24.12,730-814,39148,이재준베이커리,제과점영업,I,,,,,,0,N,2025-12-15 16:15:28,"경상북도 구미시 고아읍 문장로22길 38, 104호 (한누리상가)",,,,폐업,02,24.12,0,03,,,제과점영업,,,0544412282,,,경상북도 구미시 고아읍 원호리 454 한누리상가 1층 104호 ,,2015-03-02 17:27:11
5080000,5080000-121-1997-00067,1997-11-25,폐업,2012-06-18,38.64,730-814,,이상섭베이커리원호점,제과점영업,I,,,,,,0,N,2025-12-15 16:15:28,,,,,폐업,02,38.64,0,03,,,제과점영업,,,0544434727,,,경상북도 구미시 고아읍 원호리 449 상가 109호 ,,2001-10-29 00:00:00
5080000,5080000-121-1998-00002,1998-12-02,폐업,2014-12-15,29.58,730-928,39297,행복을굽는빵,제과점영업,I,,,,,,0,N,2025-12-15 16:15:28,"경상북도 구미시 형곡서로 87, 109호 (형곡동, 풍림아파트상가)",,,,폐업,02,29.58,0,03,,,제과점영업,,,0544511700,320004.982242907    ,290858.382473392    ,경상북도 구미시 형곡동 151-10 풍림아파트상가 109호 ,,2015-03-02 17:31:51
5080000,5080000-121-1998-00003,1998-11-05,폐업,2010-11-12,32.76,730-916,,고려당구미분점,제과점영업,I,,,,,,0,N,2025-12-15 16:15:28,,,,,폐업,02,32.76,0,03,,,제과점영업,,,0544540089,319828.157461265    ,292855.292275572    ,경상북도 구미시 원평동 96-3 ,,2001-10-15 00:00:00
5080000,5080000-121-1998-00023,1998-12-09,영업/정상,,33.75,730-909,39197,빵집이야기,제과점영업,I,,,,,,0,N,2025-12-15 16:15:28,경상북도 구미시 문장로 133 (도량동),,,,영업,01,33.75,0,01,,,제과점영업,,,0544574171,,,경상북도 구미시 도량동 670 ,,2014-04-21 21:17:08
5080000,5080000-121-1998-00029,1998-02-05,폐업,2014-08-01,31.53,730-910,39198,새롬방베이커리,제과점영업,I,,,,,,0,N,2025-12-15 16:15:28,경상북도 구미시 문장로 88 (도량동),,,,폐업,02,31.53,0,03,,,제과점영업,,,0544562554,319854.110645219    ,294235.652886211    ,경상북도 구미시 도량동 792-120 ,,2001-10-18 00:00:00
5080000,5080000-121-1998-00033,1998-09-16,폐업,2014-12-15,19.35,730-050,39301,빵굽는집,제과점영업,I,,,,,,0,N,2025-12-15 16:15:28,경상북도 구미시 원남로4길 31 (남통동),,,,폐업,02,19.35,0,03,,,제과점영업,,,0544526624,319066.687733268    ,292867.842502907    ,경상북도 구미시 남통동 4-5 ,,2015-03-02 17:44:34
5080000,5080000-121-1998-00037,1998-02-25,폐업,2014-12-15,13.20,730-923,39225,솔로몬베이커리,제과점영업,I,,,,,,0,N,2025-12-15 16:15:28,"경상북도 구미시 구미중앙로21길 3 (원평동,1층)",,,,폐업,02,13.2,0,03,,,제과점영업,,,0544526858,320173.105282812    ,292685.532243643    ,경상북도 구미시 원평동 359-2 1층 ,,2015-03-03 09:05:00
5080000,5080000-121-1998-00046,1998-04-22,폐업,2013-10-29,74.76,730-916,39222,허브스베이커리,제과점영업,I,,,,,,0,N,2025-12-15 16:15:28,경상북도 구미시 구미중앙로 52 (원평동),,,,폐업,02,74.76,0,03,,,제과점영업,,,0544555965,319535.889649968    ,292957.977045652    ,경상북도 구미시 원평동 106-17 ,,2004-12-20 00:00:00
5080000,5080000-121-1998-00064,1998-12-22,영업/정상,,120.80,730-380,39181,파리바게뜨옥계점,제과점영업,I,,,,,상수도전용,0,N,2025-12-15 16:15:28,"경상북도 구미시 옥계신당로 6, 1동 1층 (옥계동)",,,,영업,01,120.8,0,01,,,제과점영업,,,0544648200,,,경상북도 구미시 옥계동 986 1층 1동 ,,2019-02-26 10:39:08
5080000,5080000-121-1998-00082,1998-11-20,폐업,2017-06-30,45.80,730-928,39297,케익마을,제과점영업,I,,,,,상수도전용,0,N,2025-12-15 16:15:28,"경상북도 구미시 형곡중앙로 24 (형곡동,101호, 102호)",,,,폐업,02,45.8,0,03,,,제과점영업,,,0544610426,320092.032075798    ,290875.553873136    ,"경상북도 구미시 형곡동 151-9 101호, 102호 ",,2017-06-30 17:32:04
5080000,5080000-121-1999-00002,1999-12-01,폐업,2009-09-21,33.22,730-913,,빵아저씨쿠키아줌마,제과점영업,I,,,,,,0,N,2025-12-15 16:15:28,,,,,폐업,02,33.22,0,03,,,제과점영업,,,0544531890,321030.324695757    ,292066.789356773    ,경상북도 구미시 송정동 39-1 101호 ,,2006-06-02 00:00:00
5080000,5080000-121-1999-00003,1999-08-21,폐업,2012-10-05,15.00,730-904,39371,사마리아과자점,제과점영업,I,,,,,,0,N,2025-12-15 16:15:28,경상북도 구미시 산호대로 213 (공단동),,,,폐업,02,15,0,03,,,제과점영업,,,0544638496,,,경상북도 구미시 공단동 252 ,,2001-10-15 00:00:00
5080000,5080000-121-1999-00037,1999-11-30,폐업,2008-10-30,27.36,730-907,,빵굽는작은마을파크점,제과점영업,I,,,,,,0,N,2025-12-15 16:15:28,,,,,폐업,02,27.36,0,03,,,제과점영업,,,0544429654,,,경상북도 구미시 도량동 77 파크상가 109호 ,,2001-10-18 00:00:00
5080000,5080000-121-1999-00038,1999-12-18,영업/정상,,62.52,730-908,39200,빵굽는작은마을,제과점영업,I,,,,,상수도전용,0,N,2025-12-15 16:15:28,"경상북도 구미시 송동로 93, B동 107호,208호 (도량동, 한빛타운상가)",,,,영업,01,62.52,0,01,,,제과점영업,,,0544446422,,,"경상북도 구미시 도량동 112 한빛타운상가 B동 107호, 208호 ",,2022-03-14 17:24:42
5080000,5080000-121-1999-00039,1999-11-22,폐업,2010-12-24,40.78,730-908,,크라운베이커리구미도량점,제과점영업,I,,,,,,0,N,2025-12-15 16:15:28,,,,,폐업,02,40.78,0,03,,,제과점영업,,,0544457010,,,경상북도 구미시 도량동 240 미도프라자 1층 1호 ,,2001-10-18 00:00:00
5080000,5080000-121-1999-00051,1999-12-11,폐업,2014-12-15,56.00,730-320,39432,고려당인동점,제과점영업,I,,,,,,0,N,2025-12-15 16:15:28,경상북도 구미시 인동중앙로 26 (인의동),,,,폐업,02,56,0,03,,,제과점영업,,,0544720250,327940.889812834    ,290588.159135446    ,경상북도 구미시 인의동 368-6 ,,2015-03-03 09:07:03
5080000,5080000-121-1999-00055,1999-03-05,폐업,2006-09-25,18.59,730-320,,몽블랑베이커리,제과점영업,I,,,,,,0,N,2025-12-15 16:15:28,,,,,폐업,02,18.59,0,03,,,제과점영업,,,0544730798,328350.383584912    ,291637.002810289    ,"경상북도 구미시 인의동 814-4 ,5,6번지 1층 ",,2005-09-30 00:00:00
5080000,5080000-121-1999-00057,1999-09-02,폐업,2016-10-14,40.92,730-141,39354,배익수베이커리오태점,제과점영업,I,,,,,,0,N,2025-12-15 16:15:28,"경상북도 구미시 지주중류4길 3-26 (오태동,B 3L)",,,,폐업,02,40.92,0,03,,,제과점영업,,,0544646160,,,경상북도 구미시 오태동 53 B 3L ,,2011-09-16 10:24:22
5080000,5080000-121-1999-00087,1999-01-12,폐업,2005-11-02,38.85,730-814,,밀타운,제과점영업,I,,,,,,0,N,2025-12-15 16:15:28,,,,,폐업,02,38.85,0,03,,,제과점영업,,,,319718.130637275    ,295209.70597483     ,"경상북도 구미시 고아읍 원호리 444-8 ,105호 ",,2001-10-19 00:00:00
5080000,5080000-121-1999-00089,1999-03-30,폐업,2007-10-26,25.74,730-360,,빵빵7베이커리,제과점영업,I,,,,,,0,N,2025-12-15 16:15:28,,,,,폐업,02,25.74,0,03,,,제과점영업,,,0544558728,,,경상북도 구미시 진평동 0 41B 7-8L 007마트 내 ,,2003-06-17 00:00:00
5080000,5080000-121-1999-00124,1999-08-20,폐업,2005-08-24,28.56,730-809,,아미베이커리,제과점영업,I,,,,,,0,N,2025-12-15 16:15:28,,,,,폐업,02,28.56,0,03,,,제과점영업,,,0544442008,,,경상북도 구미시 봉곡동 387-10 2호 ,,2002-04-10 00:00:00
5080000,5080000-121-1999-00130,1999-09-07,폐업,2014-11-18,22.05,730-823,39186,뉴고려당베이커리,제과점영업,I,,,,,,0,N,2025-12-15 16:15:28,경상북도 구미시 산호대로25길 34-9 (옥계동),,,,폐업,02,22.05,0,03,,,제과점영업,,,0544753335,,,경상북도 구미시 옥계동 618-5 ,,2001-10-20 00:00:00
5080000,5080000-121-1999-00137,1999-10-18,폐업,2010-01-18,37.61,730-120,,빵사랑베이커리,제과점영업,I,,,,,,0,N,2025-12-15 16:15:28,,,,,폐업,02,37.61,0,03,,,제과점영업,,,0544613242,,,경상북도 구미시 상모동 75 B 2L 신세계2단지 상가 901동 106호,,2001-10-20 00:00:00
5080000,5080000-121-1999-00150,1999-12-09,영업/정상,,76.34,730-804,39125,빵선수베이커리카페,제과점영업,I,,,,,,0,N,2025-12-15 16:15:28,경상북도 구미시 선산읍 단계동길 68,,,,영업,01,76.34,0,01,,,제과점영업,,,0544817892,316651.645673457    ,305408.003310694    ,경상북도 구미시 선산읍 완전리 85-1 ,,2020-03-25 13:18:32
5080000,5080000-121-1999-00159,1999-12-08,폐업,2007-05-01,36.72,730-817,,빵굽는작은마을,제과점영업,I,,,,,,0,N,2025-12-15 16:15:28,,,,,폐업,02,36.72,0,03,,,제과점영업,,,0544435505,319718.130637275    ,295209.70597483     ,경상북도 구미시 고아읍 원호리 444-8 원호중앙상가 104호 ,,2001-10-29 00:00:00
5080000,5080000-121-2000-00001,2000-06-05,폐업,2020-01-28,22.00,730-941,39278,웰빙베이커리,제과점영업,I,,,,,,0,N,2025-12-15 16:15:28,경상북도 구미시 백산로 201 (송정동),,,,폐업,02,22,0,03,,,제과점영업,,,0544543482,321605.096589513    ,291304.733677518    ,경상북도 구미시 송정동 497-1 ,,2020-01-28 14:26:15
5080000,5080000-121-2000-00006,2000-08-24,폐업,2008-11-07,56.60,730-926,,빵굽는큰나라,제과점영업,I,,,,,,0,N,2025-12-15 16:15:28,,,,,폐업,02,56.6,0,03,,,제과점영업,,,0544566225,319864.761972953    ,291286.376296378    ,경상북도 구미시 형곡동 137-1 1동 ,,2001-10-15 00:00:00
5080000,5080000-121-2000-00007,2000-07-05,폐업,2025-08-20,28.20,730-320,39426,몽블랑제과점,제과점영업,I,,,,,상수도전용,0,N,2025-12-15 16:15:28,경상북도 구미시 검성로 17 (인의동),,,,폐업,02,28.2,0,03,,,제과점영업,,,0544565864,,,경상북도 구미시 인의동 285 ,,2025-08-20 17:15:38
5080000,5080000-121-2000-00037,2000-06-01,폐업,2006-01-02,43.24,730-825,,케익타운,제과점영업,I,,,,,,0,N,2025-12-15 16:15:28,,,,,폐업,02,43.24,0,03,,,제과점영업,,,0544757135,,,경상북도 구미시 옥계동 2 B 대백상가 1층 2호 ,,2001-10-16 00:00:00
5080000,5080000-121-2000-00042,2000-11-01,폐업,2010-12-20,29.31,730-040,,크라운베이커리형곡분점,제과점영업,I,,,,,,0,N,2025-12-15 16:15:28,,,,,폐업,02,29.31,0,03,,,제과점영업,,,0544576704,320195.107552303    ,290840.539802752    ,"경상북도 구미시 형곡동 168-2 ,1층 ",,2006-02-28 00:00:00
5080000,5080000-121-2000-00045,2000-05-30,폐업,2008-08-01,38.67,730-915,,내사랑베이커리,제과점영업,I,,,,,,0,N,2025-12-15 16:15:28,,,,,폐업,02,38.67,0,03,,,제과점영업,,,0544558424,320595.625698831    ,291331.236812023    ,경상북도 구미시 송정동 466-2 1층 ,,2006-11-15 00:00:00
5080000,5080000-121-2000-00046,2000-06-16,영업/정상,,47.02,730-819,39179,빵더하기 케이크사랑,제과점영업,I,,,,,,0,N,2025-12-15 16:15:28,"경상북도 구미시 흥안로 67, 16호 (옥계동, 대백상가)",,,,영업,01,47.02,0,01,,,제과점영업,,,0544756523,,,경상북도 구미시 옥계동 540 대백상가 16호 ,,2022-03-14 18:03:22
5080000,5080000-121-2000-00059,2000-05-01,폐업,2014-12-23,54.52,730-100,39246,밀탑빵비산점,제과점영업,I,,,,,,0,N,2025-12-15 16:15:28,경상북도 구미시 비산로1길 20 (비산동),,,,폐업,02,54.52,0,03,,,제과점영업,,,0544620255,323670.628625703    ,292094.173521604    ,경상북도 구미시 비산동 504-4 ,,2001-10-18 00:00:00
5080000,5080000-121-2000-00086,2000-06-01,폐업,2006-07-12,40.45,730-823,,레삐또르과자점,제과점영업,I,,,,,,0,N,2025-12-15 16:15:28,,,,,폐업,02,40.45,0,03,,,제과점영업,,,0544750045,327447.541969614    ,294281.423389787    ,경상북도 구미시 옥계동 618-1 ,,2001-10-20 00:00:00
5080000,5080000-121-2000-00112,2000-03-04,폐업,2013-09-03,36.34,730-929,39319,빵의궁전,제과점영업,I,,,,,,0,N,2025-12-15 16:15:28,경상북도 구미시 형곡로 166 (형곡동),,,,폐업,02,36.34,0,03,,,제과점영업,,,0544537611,320070.264469976    ,290440.118965789    ,경상북도 구미시 형곡동 304-18 ,,2001-10-20 00:00:00
5080000,5080000-121-2000-00120,2000-08-24,폐업,2014-12-15,49.88,730-924,39224,티엔비베이커리,제과점영업,I,,,,,,0,N,2025-12-15 16:15:28,경상북도 구미시 금오산로 49 (원평동),,,,폐업,02,49.88,0,03,,,제과점영업,,,0544520987,320356.41148953     ,292746.021192826    ,경상북도 구미시 원평동 964-185 ,,2015-03-03 09:09:00
5080000,5080000-121-2000-00128,2000-06-01,폐업,2005-11-15,27.72,730-100,,굿모닝베이커리,제과점영업,I,,,,,,0,N,2025-12-15 16:15:28,,,,,폐업,02,27.72,0,03,,,제과점영업,,,0544610506,,,경상북도 구미시 비산동 368 상가 101호 ,,2001-10-20 00:00:00
5080000,5080000-121-2000-00159,2000-10-04,폐업,2015-11-06,45.00,730-320,39438,연우빵집,제과점영업,I,,,,,,0,N,2025-12-15 16:15:28,"경상북도 구미시 인동19길 36-11, 118동 106호 (인의동, 구미청구하이츠)",,,,폐업,02,45,0,03,,,제과점영업,,,0544740455,,,경상북도 구미시 인의동 652 청구하이츠 118동 106호,,2014-05-22 18:04:15
5080000,5080000-121-2000-00165,2000-10-31,폐업,2007-10-19,49.29,730-927,,방장수야곱,제과점영업,I,,,,,,0,N,2025-12-15 16:15:28,,,,,폐업,02,49.29,0,03,,,제과점영업,,,0544571177,320192.546447404    ,290933.624288325    ,경상북도 구미시 형곡동 146-7 상가 104호 ,,2002-11-11 00:00:00
5080000,5080000-121-2000-00168,2000-11-11,폐업,2014-12-15,68.35,730-110,,알리앙스베이커리,제과점영업,I,,,,,,0,N,2025-12-15 16:15:28,,,,,폐업,02,68.35,0,03,,,제과점영업,,,0544650104,,,경상북도 구미시 사곡동 74 B 3L ,,2015-03-03 09:10:54
5080000,5080000-121-2000-00195,2000-05-20,폐업,2018-04-03,36.40,730-814,39148,모닝베이커리,제과점영업,I,,,,,,0,N,2025-12-15 16:15:28,"경상북도 구미시 고아읍 문장로22길 18, 108호",,,,폐업,02,36.4,0,03,,,제과점영업,,,0544439169,,,경상북도 구미시 고아읍 원호리 455 108호 ,,2018-04-03 17:26:16
5080000,5080000-121-2000-00203,2000-06-22,폐업,2016-11-24,18.23,,,신라명과산동점,제과점영업,I,,,,,,0,N,2025-12-15 16:15:28,경상북도 구미시 산동읍 동백로 3,,,,폐업,02,18.23,0,03,,,제과점영업,,,0544721870,329133.305534498    ,297476.444993892    ,경상북도 구미시 산동읍 적림리 72-1 ,,2001-10-29 00:00:00
5080000,5080000-121-2000-00204,2000-11-29,폐업,2007-11-29,58.85,730-802,,빵이좋은사람들,제과점영업,I,,,,,,0,N,2025-12-15 16:15:28,,,,,폐업,02,58.85,0,03,,,제과점영업,,,0544435569,316411.766480655    ,305185.806773263    ,경상북도 구미시 선산읍 이문리 44-16 ,,2004-01-16 00:00:00
5080000,5080000-121-2000-00210,2000-10-31,폐업,2007-09-18,49.00,730-842,,엔고려당제과점,제과점영업,I,,,,,,0,N,2025-12-15 16:15:28,,,,,폐업,02,49,0,03,,,제과점영업,,,0544716843,334514.675898966    ,292718.11691542     ,경상북도 구미시 장천면 상장리 720-4 ,,2001-10-29 00:00:00
5080000,5080000-121-2001-00027,2001-09-03,폐업,2010-07-26,25.46,730-932,,뉴고려당베이커리,제과점영업,I,,,,,,0,N,2025-12-15 16:15:28,,,,,폐업,02,25.46,0,03,,,제과점영업,,,0544721410,,,경상북도 구미시 황상동 207 ,,2007-07-18 13:30:08
5080000,5080000-121-2001-00046,2001-02-28,폐업,2007-03-22,91.78,730-922,,파리바게뜨원평점,제과점영업,I,,,,,,0,N,2025-12-15 16:15:28,,,,,폐업,02,91.78,0,03,,,제과점영업,,,0544524242,319780.309404599    ,292836.530400609    ,경상북도 구미시 원평동 1008-42 ,,2001-10-19 00:00:00
5080000,5080000-121-2001-00100,2001-01-27,영업/정상,,21.12,730-050,39301,빵소리,제과점영업,I,,,,,,0,N,2025-12-15 16:15:28,경상북도 구미시 원남로 9 (남통동),,,,영업,01,21.12,0,01,,,제과점영업,,,0544550458,319007.543871337    ,293061.665440514    ,경상북도 구미시 남통동 14-10 ,,2017-07-06 14:53:16
5080000,5080000-121-2001-00111,2001-02-24,영업/정상,,50.40,730-916,39252,오베론과자점,제과점영업,I,,,,,,0,N,2025-12-15 16:15:28,"경상북도 구미시 신비로 6 (신평동,1층)",,,,영업,01,50.4,0,01,,,제과점영업,,,0544613246,322670.595992372    ,292243.861335374    ,경상북도 구미시 신평동 129-15 1층 ,,2021-09-24 16:52:53
5080000,5080000-121-2001-00117,2001-04-07,폐업,2011-09-15,73.00,730-932,,황상빵의나라,제과점영업,I,,,,,,0,N,2025-12-15 16:15:28,,,,,폐업,02,73,0,03,,,제과점영업,,,0544720506,328260.40774622     ,291600.223293296    ,경상북도 구미시 황상동 201-2 ,,2001-10-22 00:00:00
5080000,5080000-121-2001-00121,2001-04-12,폐업,2006-11-20,79.43,730-916,,뚜레쥬르,제과점영업,I,,,,,,0,N,2025-12-15 16:15:28,,,,,폐업,02,79.43,0,03,,,제과점영업,,,,319657.923169956    ,292978.129032842    ,경상북도 구미시 원평동 119-2 ,,2003-08-27 00:00:00
5080000,5080000-121-2001-00129,2001-04-20,폐업,2014-12-15,39.20,730-300,,브레드하임,제과점영업,I,,,,,,0,N,2025-12-15 16:15:28,,,,,폐업,02,39.2,0,03,,,제과점영업,,,0544716566,,,경상북도 구미시 구평동 15 -1B ,,2015-03-03 09:12:29
5080000,5080000-121-2001-00134,2001-04-24,폐업,2005-11-21,49.50,730-923,,마듀,제과점영업,I,,,,,,0,N,2025-12-15 16:15:28,,,,,폐업,02,49.5,0,03,,,제과점영업,,,0544738251,320160.988691336    ,292796.860461078    ,경상북도 구미시 원평동 306-5 ,,2002-09-02 00:00:00
5080000,5080000-121-2001-00144,2001-05-17,폐업,2011-11-29,53.47,730-932,,애플황상점,제과점영업,I,,,,,,0,N,2025-12-15 16:15:28,,,,,폐업,02,53.47,0,03,,,제과점영업,,,0544736579,328470.068809628    ,291757.141963684    ,경상북도 구미시 황상동 199-7 한일상가 101호 ,,2010-12-08 11:53:24
5080000,5080000-121-2001-00150,2001-06-15,폐업,2014-12-15,35.10,730-930,39315,빵굽는순돌이,제과점영업,I,,,,,,0,N,2025-12-15 16:15:28,경상북도 구미시 신시로 40 (형곡동),,,,폐업,02,35.1,0,03,,,제과점영업,,,0544444043,320534.538366472    ,290932.163216376    ,경상북도 구미시 형곡동 171-10 ,,2015-03-03 09:14:12
5080000,5080000-121-2001-00163,2001-08-16,폐업,2014-12-15,50.47,730-141,39354,파리바게트오태점,제과점영업,I,,,,,,0,N,2025-12-15 16:15:28,"경상북도 구미시 지주중류4길 3-26 (오태동,B 1L 101호)",,,,폐업,02,50.47,0,03,,,제과점영업,,,0544646663,,,경상북도 구미시 오태동 53 B 1L 101호 ,,2015-03-03 09:16:05
5080000,5080000-121-2001-00168,2001-08-27,폐업,2005-10-14,31.48,730-901,,에뜨알르제과점,제과점영업,I,,,,,,0,N,2025-12-15 16:15:28,,,,,폐업,02,31.48,0,03,,,제과점영업,,,0544648456,,,경상북도 구미시 공단동 108-15 상가 106호 ,,2001-10-22 00:00:00
5080000,5080000-121-2001-00171,2001-09-06,폐업,2015-10-15,62.92,730-927,39294,마듀,제과점영업,I,,,,,,0,N,2025-12-15 16:15:28,경상북도 구미시 형곡동로 110 (형곡동),,,,폐업,02,62.92,0,03,,,제과점영업,,,0544555759,320246.711152812    ,290998.717091554    ,경상북도 구미시 형곡동 143-12 ,,2014-01-03 11:04:50
5080000,5080000-121-2001-00184,2001-07-24,폐업,2014-01-21,41.65,730-804,39126,크라운베이커리선산점,제과점영업,I,,,,,,0,N,2025-12-15 16:15:28,경상북도 구미시 선산읍 남문로 26,,,,폐업,02,41.65,0,03,,,제과점영업,,,0544817577,316975.141472352    ,305134.330628056    ,경상북도 구미시 선산읍 동부리 311-8 ,,2008-05-28 09:57:24
5080000,5080000-121-2001-00225,2001-11-30,폐업,2014-12-15,32.00,730-360,39410,다큼이베이커리,제과점영업,I,,,,,,0,N,2025-12-15 16:15:28,경상북도 구미시 인동32길 22-11 (진평동),,,,폐업,02,32,0,03,,,제과점영업,,,,328675.230633756    ,289017.724981262    ,경상북도 구미시 진평동 92-7 (39B 5L) ,,2015-03-03 09:17:43
5080000,5080000-121-2001-00230,2001-12-18,폐업,2006-12-01,79.67,730-910,,반딧불이세상,제과점영업,I,,,,,,0,N,2025-12-15 16:15:28,,,,,폐업,02,79.67,0,03,,,제과점영업,,,0544444902,319071.321220376    ,294084.950824385    ,경상북도 구미시 도량동 792-56 ,,2002-01-10 00:00:00
5080000,5080000-121-2001-00236,2001-12-13,폐업,2013-03-14,23.10,730-804,39126,원풍베이커리,제과점영업,I,,,,,,0,N,2025-12-15 16:15:28,경상북도 구미시 선산읍 선산대로 1395,,,,폐업,02,23.1,0,03,,,제과점영업,,,0544824663,,,경상북도 구미시 선산읍 동부리 307 ,,2007-02-28 00:00:00
5080000,5080000-121-2002-00067,2002-06-20,영업/정상,,175.30,730-080,39344,(주)신세계푸드베이커리구미점,제과점영업,I,,,,,상수도전용,0,N,2025-12-15 16:15:28,경상북도 구미시 구미대로 256 (광평동),,,,영업,01,175.3,0,01,,,제과점영업,,,0544651980,322824.51490748     ,290746.468249832    ,경상북도 구미시 광평동 65-1 ,,2025-04-08 13:44:03
5080000,5080000-121-2002-00071,2002-06-27,폐업,2013-04-26,63.00,730-320,,마듀진평점,제과점영업,I,,,,,,0,N,2025-12-15 16:15:28,,,,,폐업,02,63,0,03,,,제과점영업,,,0544754859,,,경상북도 구미시 인의동 54B 6L ,,2002-06-27 00:00:00
5080000,5080000-121-2002-00073,2002-07-16,폐업,2014-03-13,29.47,730-914,39276,(주)크라운제과,제과점영업,I,,,,,,0,N,2025-12-15 16:15:28,경상북도 구미시 송원동로 28 (송정동),,,,폐업,02,29.47,0,03,,,제과점영업,,,,,,경상북도 구미시 송정동 60 ,,2013-01-29 11:28:37
5080000,5080000-121-2002-00080,2002-02-04,폐업,2016-11-10,34.75,730-826,39251,크라운베이커리,제과점영업,I,,,,,,0,N,2025-12-15 16:15:28,경상북도 구미시 신비로 13 (신평동),,,,폐업,02,34.75,0,03,,,제과점영업,,,0544630624,322749.363712962    ,292244.589019563    ,경상북도 구미시 신평동 70-272 ,,2011-08-01 14:59:26
5080000,5080000-121-2002-00082,2002-02-08,폐업,2006-10-23,43.20,730-929,,프랑세스베이커리,제과점영업,I,,,,,,0,N,2025-12-15 16:15:28,,,,,폐업,02,43.2,0,03,,,제과점영업,,,0544566373,,,경상북도 구미시 형곡동 252 세라프마트내 ,,2002-10-08 00:00:00
5080000,5080000-121-2002-00088,2002-03-18,폐업,2005-11-09,51.80,730-120,,월드베이커리,제과점영업,I,,,,,,0,N,2025-12-15 16:15:28,,,,,폐업,02,51.8,0,03,,,제과점영업,,,,,,경상북도 구미시 상모동 0 44B1L ,,2003-10-10 00:00:00
5080000,5080000-121-2002-00093,2002-07-26,폐업,2005-10-12,,730-921,,퀸베이커리,제과점영업,I,,,,,,,N,2025-12-15 16:15:28,,,,,폐업,02,0,,03,,,제과점영업,,,0544582549,319363.529596949    ,292855.210886932    ,경상북도 구미시 원평동 77-60 청산빌라 103호 ,,2002-07-26 00:00:00
5080000,5080000-121-2002-00119,2002-10-10,영업/정상,,67.65,730-320,39429,마고나비,제과점영업,I,,,,,,0,N,2025-12-15 16:15:28,경상북도 구미시 인동중앙로10길 5 (인의동),,,,영업,01,67.65,0,01,,,제과점영업,,,0544710123,328076.002306704    ,290723.251933777    ,경상북도 구미시 인의동 365-5 ,,2019-04-01 18:45:38
5080000,5080000-121-2002-00122,2002-10-23,폐업,2006-05-26,,730-140,,크라운베이커리오태점,제과점영업,I,,,,,,,N,2025-12-15 16:15:28,,,,,폐업,02,0,,03,,,제과점영업,,,0544650224,,,경상북도 구미시 오태동 6B 3L ,,2002-10-23 00:00:00
5080000,5080000-121-2002-00123,2002-10-24,폐업,2006-11-10,,730-010,,던킨도너츠,제과점영업,I,,,,,,,N,2025-12-15 16:15:28,,,,,폐업,02,0,,03,,,제과점영업,,,,,,경상북도 구미시 원평동 1008-89 ,,2002-10-24 00:00:00
5080000,5080000-121-2002-00128,2002-11-07,폐업,2014-12-22,60.91,730-300,39442,모닝브레드 구평점,제과점영업,I,,,,,,0,N,2025-12-15 16:15:28,경상북도 구미시 인동35길 28-4 (구평동),,,,폐업,02,60.91,0,03,,,제과점영업,,,,329066.056430512    ,289394.509754577    ,경상북도 구미시 구평동 424-1 ,,2014-04-22 14:05:19
5080000,5080000-121-2003-00030,2003-04-28,폐업,2014-12-15,32.80,730-360,,호산나베이커리,제과점영업,I,,,,,,0,N,2025-12-15 16:15:28,,,,,폐업,02,32.8,0,03,,,제과점영업,,,0544730253,,,경상북도 구미시 진평동 19B1L 외 1필지 ,,2015-03-03 09:19:15
5080000,5080000-121-2003-00041,2003-06-24,폐업,2009-02-09,33.25,730-140,,도우모베이커리,제과점영업,I,,,,,,0,N,2025-12-15 16:15:28,,,,,폐업,02,33.25,0,03,,,제과점영업,,,0544640972,,,경상북도 구미시 오태동 0 21B 4L ,,2003-06-24 00:00:00
5080000,5080000-121-2003-00044,2003-07-01,영업/정상,,88.41,730-904,39375,파리바게뜨구미공단점,제과점영업,I,,,,,상수도전용,0,N,2025-12-15 16:15:28,경상북도 구미시 1공단로 196 (공단동),,,,영업,01,88.41,0,01,,,제과점영업,,,0544618811,324603.427946523    ,289914.645255556    ,경상북도 구미시 공단동 264-19 ,,2022-03-18 11:45:53
5080000,5080000-121-2003-00046,2003-07-05,폐업,2008-07-31,26.07,730-300,,피터팬케익전문점,제과점영업,I,,,,,,0,N,2025-12-15 16:15:28,,,,,폐업,02,26.07,0,03,,,제과점영업,,,0544711080,,,경상북도 구미시 구평동 451-1 ,,2004-08-02 00:00:00
5080000,5080000-121-2003-00052,2003-08-08,폐업,2016-04-06,28.50,730-823,39186,옥계베이커리,제과점영업,I,,,,,,0,N,2025-12-15 16:15:28,"경상북도 구미시 산호대로25길 10 (옥계동,외1필지)",,,,폐업,02,28.5,0,03,,,제과점영업,,,0544757662,327400.623333712    ,293954.805517397    ,경상북도 구미시 옥계동 636-1 외1필지 ,,2003-08-08 00:00:00
5080000,5080000-121-2003-00055,2003-08-29,폐업,2014-12-15,40.05,730-300,39442,이상대베이커리,제과점영업,I,,,,,,0,N,2025-12-15 16:15:28,"경상북도 구미시 인동45길 9, 104호 (구평동, 부영A 1단지 상가)",,,,폐업,02,40.05,0,03,,,제과점영업,,,0544743421,,,경상북도 구미시 구평동 430 부영A 1단지 상가104호 ,,2015-03-03 09:20:49
5080000,5080000-121-2003-00074,2003-10-20,폐업,2007-12-21,26.50,730-764,,나래베이커리,제과점영업,I,,,,,,0,N,2025-12-15 16:15:28,,,,,폐업,02,26.5,0,03,,,제과점영업,,,0544440046,,,경상북도 구미시 봉곡동 391 현대아파트상가 106호 ,,2006-10-10 00:00:00
5080000,5080000-121-2003-00084,2003-11-12,폐업,2009-03-31,45.97,730-930,,빵으로여는세상,제과점영업,I,,,,,,0,N,2025-12-15 16:15:28,,,,,폐업,02,45.97,0,03,,,제과점영업,,,0544562283,320274.502948097    ,290631.914168739    ,경상북도 구미시 형곡동 256-1 ,,2003-11-12 00:00:00
5080000,5080000-121-2003-00088,2003-11-19,영업/정상,,101.85,730-360,39411,뚜레쥬르구미구평점,제과점영업,I,,,,,상수도전용,0,N,2025-12-15 16:15:28,경상북도 구미시 인동36길 24-2 (진평동),,,,영업,01,101.85,0,01,,,제과점영업,,,0544759292,328878.397285845    ,288981.713992628    ,경상북도 구미시 진평동 85-6 (33B 6L) ,,2022-06-29 14:31:35
5080000,5080000-121-2003-00092,2003-12-01,폐업,2018-02-23,60.80,730-360,39410,모닝브레드,제과점영업,I,,,,,,0,N,2025-12-15 16:15:28,"경상북도 구미시 인동26길 63, 1층 (진평동)",,,,폐업,02,60.8,0,03,,,제과점영업,,,0544721118,,,경상북도 구미시 진평동 0 73B 3L ,,2018-02-23 18:23:32
5080000,5080000-121-2003-00098,2003-12-11,폐업,2005-10-27,48.27,730-300,,크라운베이커리구평점,제과점영업,I,,,,,,0,N,2025-12-15 16:15:28,,,,,폐업,02,48.27,0,03,,,제과점영업,,,0544717388,328988.041628558    ,288963.129803111    ,경상북도 구미시 구평동 451-3 ,,2003-12-11 00:00:00
5080000,5080000-121-2004-00016,2004-02-20,폐업,2009-03-04,24.75,730-819,,현베이커리,제과점영업,I,,,,,상수도전용,0,N,2025-12-15 16:15:28,,,,,폐업,02,24.75,0,03,주택가주변,,제과점영업,,,0544748060,,,경상북도 구미시 옥계동 543 에덴상가 117호 ,,2004-02-20 00:00:00
5080000,5080000-121-2004-00023,2004-03-18,폐업,2019-06-10,45.35,730-110,39328,빵 그리고 케잌,제과점영업,I,,,,,상수도전용,0,N,2025-12-15 16:15:28,경상북도 구미시 상사동로24길 4 (사곡동),,,,폐업,02,45.35,0,03,주택가주변,,제과점영업,,,0544656671,322329.593394128    ,289571.709928146    ,경상북도 구미시 사곡동 670-1 19B 5L ,,2019-06-10 10:37:09
5080000,5080000-121-2004-00032,2004-04-01,폐업,2015-09-01,30.42,730-908,39201,엘피스베이커리,제과점영업,I,,,,,상수도전용,0,N,2025-12-15 16:15:28,"경상북도 구미시 도봉로5길 29, 106호 (도량동, 도량2지구3단지 상가)",,,,폐업,02,30.42,0,03,아파트지역,,제과점영업,,,0544530623,,,경상북도 구미시 도량동 219 도량2지구3단지 상가106호 ,,2014-04-22 17:05:47
5080000,5080000-121-2004-00038,2004-04-17,폐업,2009-04-07,55.73,730-300,,파리바게트 구평점,제과점영업,I,,,,,상수도전용,0,N,2025-12-15 16:15:28,,,,,폐업,02,55.73,0,03,주택가주변,,제과점영업,,,0544746474,328941.364784957    ,289024.123019568    ,경상북도 구미시 구평동 450-1 메디칼센타 101호 ,,2005-03-21 00:00:00
5080000,5080000-121-2004-00045,2004-04-28,영업/정상,,74.46,730-120,39335,라떼프랑스베이커리,제과점영업,I,,,,,상수도전용,0,N,2025-12-15 16:15:28,"경상북도 구미시 상모로 55, 1층 103호 (상모동)",,,,영업,01,74.46,0,01,주택가주변,,제과점영업,,,0544640682,322050.687974043    ,288581.258667978    ,경상북도 구미시 상모동 47-5 1층 103호,,2024-03-18 11:24:42
5080000,5080000-121-2004-00060,2004-05-27,폐업,2015-01-12,47.47,730-921,39303,떡보의하루 구미점,제과점영업,I,,,,,상수도전용,0,N,2025-12-15 16:15:28,"경상북도 구미시 금오산로 88 (원평동,1층)",,,,폐업,02,47.47,0,03,주택가주변,,제과점영업,,,0544644427,320097.518495421    ,292479.254744085    ,경상북도 구미시 원평동 452-5 1층 ,,2011-04-12 17:41:42
5080000,5080000-121-2004-00105,2004-08-26,영업/정상,,38.72,730-320,39432,던킨도넛츠 구미인동점,제과점영업,I,,,,,상수도전용,0,N,2025-12-15 16:15:28,경상북도 구미시 인동중앙로6길 1 (인의동),,,,영업,01,38.72,0,01,기타,,제과점영업,,,0544729817,327920.100475279    ,290564.006116674    ,경상북도 구미시 인의동 368-9 ,,2021-02-01 11:01:17
5080000,5080000-121-2004-00117,2004-09-24,영업/정상,,62.32,730-120,39340,파리바게뜨 상모점,제과점영업,I,,,,,,,N,2025-12-15 16:15:28,경상북도 구미시 상사서로 77 (상모동),,,,영업,01,62.32,,01,,,제과점영업,,,0544653690,321959.797564945    ,288495.858979983    ,경상북도 구미시 상모동 29-2 ,,2025-05-07 11:40:31
5080000,5080000-121-2004-00130,2004-10-29,폐업,2009-12-11,34.56,730-916,,작은빵꿈터,제과점영업,I,,,,,상수도전용,0,N,2025-12-15 16:15:28,,,,,폐업,02,34.56,0,03,,,제과점영업,,,0544510008,319767.744629756    ,293055.082780925    ,경상북도 구미시 원평동 125-1 ,,2004-10-29 00:00:00
5080000,5080000-121-2004-00135,2004-11-09,폐업,2013-10-28,72.40,730-817,39149,웰리치케익하우스,제과점영업,I,,,,,상수도전용,0,N,2025-12-15 16:15:28,경상북도 구미시 고아읍 문장로26길 3,,,,폐업,02,72.4,0,03,주택가주변,,제과점영업,,,0544428097,319613.579271386    ,295439.659557285    ,경상북도 구미시 고아읍 원호리 448-7 낙원프라자 ,,2013-10-28 15:41:13
5080000,5080000-121-2004-00158,2004-12-20,폐업,2014-12-15,93.60,730-360,39411,케익하우스 서,제과점영업,I,,,,,,0,N,2025-12-15 16:15:28,경상북도 구미시 인동36길 16 (진평동),,,,폐업,02,93.6,0,03,기타,,제과점영업,,,0544726601,328894.500489904    ,289026.354604577    ,경상북도 구미시 진평동 85-3 ,,2015-03-03 09:22:22
5080000,5080000-121-2005-00008,2005-01-20,폐업,2010-10-20,75.00,730-927,,뚜레쥬르 구미형곡점,제과점영업,I,,,,,상수도전용,0,N,2025-12-15 16:15:28,,,,,폐업,02,75,0,03,주택가주변,,제과점영업,,,0544578201,320191.162120525    ,291000.899119324    ,경상북도 구미시 형곡동 146-5 ,,2005-01-20 00:00:00
5080000,5080000-121-2005-00019,2005-02-17,폐업,2007-09-28,50.76,730-110,,케익하우스 윈,제과점영업,I,,,,,상수도전용,0,N,2025-12-15 16:15:28,,,,,폐업,02,50.76,0,03,,,제과점영업,,,0544644123,,,경상북도 구미시 사곡동 6B 4-1L ,,2005-02-17 00:00:00
5080000,5080000-121-2005-00043,2005-04-11,폐업,2009-07-20,52.00,730-908,,라이스베이커리,제과점영업,I,,,,,상수도전용,0,N,2025-12-15 16:15:28,,,,,폐업,02,52,0,03,,,제과점영업,,,,,,경상북도 구미시 도량동 229-3    GMG프라자 105호 ,,2006-03-13 00:00:00
5080000,5080000-121-2005-00048,2005-04-16,폐업,2023-02-13,31.50,730-050,39301,두원빵집,제과점영업,I,,,,,상수도전용,0,N,2025-12-15 16:15:28,"경상북도 구미시 선기로1길 21, 상가동 106호 (남통동,외 6필지 그린두산맨션)",,,,폐업,02,31.5,0,03,,,제과점영업,,,0544532868,318790.812278276    ,292853.111113312    ,경상북도 구미시 남통동 20-1 외 6필지 그린두산맨션 상가동 106호,,2023-02-13 11:04:38
5080000,5080000-121-2005-00064,2005-05-24,폐업,2014-12-15,39.76,730-360,,참이삭베이커리,제과점영업,I,,,,,상수도전용,0,N,2025-12-15 16:15:28,,,,,폐업,02,39.76,0,03,주택가주변,,제과점영업,,,0544751226,,,경상북도 구미시 진평동 70B 6L 인의구획정리지구 ,,2015-03-03 09:24:00
5080000,5080000-121-2005-00070,2005-06-02,영업/정상,,58.20,730-110,39328,케익하우스밀레,제과점영업,I,,,,,상수도전용,0,N,2025-12-15 16:15:28,"경상북도 구미시 상사동로24길 4, 1층 (사곡동)",,,,영업,01,58.2,0,01,,,제과점영업,,,0544656671,322329.593394128    ,289571.709928146    ,경상북도 구미시 사곡동 670-1 1층 ,,2019-08-14 14:19:39
5080000,5080000-121-2005-00083,2005-07-15,폐업,2006-11-13,,730-140,,순쌀나라베이커리,제과점영업,I,,,,,상수도전용,0,N,2025-12-15 16:15:28,,,,,폐업,02,0,0,03,주택가주변,,제과점영업,,,0544557414,,,경상북도 구미시 오태동 22B 3L ,,2005-07-15 00:00:00
5080000,5080000-121-2005-00085,2005-07-21,폐업,2010-01-08,27.07,730-929,,서정광과자점,제과점영업,I,,,,,상수도전용,0,N,2025-12-15 16:15:28,,,,,폐업,02,27.07,0,03,주택가주변,,제과점영업,,,,,,경상북도 구미시 형곡동 252 외1필지 세라프구미점 ,,2009-01-20 11:00:28
5080000,5080000-121-2005-00088,2005-07-28,폐업,2006-08-01,31.50,730-100,,보성웰빙베이커리,제과점영업,I,,,,,상수도전용,0,N,2025-12-15 16:15:28,,,,,폐업,02,31.5,0,03,,,제과점영업,,,0544611609,,,경상북도 구미시 비산동 28 보성상가 B03호 ,,2005-07-28 00:00:00
5080000,5080000-121-2005-00092,2005-08-09,폐업,2014-11-17,46.28,730-804,39127,카멜리아이스크림베이커리,제과점영업,I,,,,,상수도전용,0,N,2025-12-15 16:15:28,경상북도 구미시 선산읍 남문로 23-1,,,,폐업,02,46.28,0,03,기타,,제과점영업,,,0544814848,316947.095600727    ,305126.637068669    ,경상북도 구미시 선산읍 완전리 251-7 ,,2005-08-09 00:00:00
5080000,5080000-121-2005-00093,2005-08-30,폐업,2025-02-12,52.90,730-927,39294,던킨도너츠구미형곡,제과점영업,I,,,,,상수도전용,0,N,2025-12-15 16:15:28,경상북도 구미시 신시로 59 (형곡동),,,,폐업,02,52.9,0,03,기타,,제과점영업,,,0544433131,320471.887918772    ,291130.722911085    ,경상북도 구미시 형곡동 144-13 ,,2025-02-13 09:14:41
5080000,5080000-121-2005-00094,2005-09-15,폐업,2008-08-26,36.80,730-807,,프랑슈베이커리,제과점영업,I,,,,,상수도전용,0,N,2025-12-15 16:15:28,,,,,폐업,02,36.8,0,03,주택가주변,,제과점영업,,,0544410455,317872.074993258    ,295657.973655145    ,경상북도 구미시 봉곡동 166-8 다복빌딩 ,,2005-09-15 00:00:00
5080000,5080000-121-2005-00095,2005-09-15,폐업,2013-01-29,45.59,730-809,,웰리치케익하우스 봉곡점,제과점영업,I,,,,,상수도전용,0,N,2025-12-15 16:15:28,,,,,폐업,02,45.59,0,03,주택가주변,,제과점영업,,,0544539396,318363.84713845     ,295255.312271241    ,경상북도 구미시 봉곡동 387-9 103호 ,,2010-02-01 14:24:44
5080000,5080000-121-2005-00096,2005-09-23,폐업,2007-01-26,48.00,730-120,,마듀 상모점,제과점영업,I,,,,,상수도전용,0,N,2025-12-15 16:15:28,,,,,폐업,02,48,0,03,,,제과점영업,,,0544642350,321972.186956869    ,288286.244552642    ,경상북도 구미시 상모동 32-6 상모프라자 103호 ,,2005-09-23 00:00:00
5080000,5080000-121-2005-00097,2005-10-04,폐업,2014-12-15,25.65,730-932,39428,케익엔조이,제과점영업,I,,,,,상수도전용,0,N,2025-12-15 16:15:28,경상북도 구미시 수출대로31길 47 (황상동),,,,폐업,02,25.65,0,03,주택가주변,,제과점영업,,,0544719533,328256.859586838    ,291438.342364401    ,경상북도 구미시 황상동 203-9 ,,2015-03-03 09:25:49
5080000,5080000-121-2005-00098,2005-10-07,영업/정상,,43.20,730-908,39202,쉐프의꿈,제과점영업,I,,,,,상수도전용,0,N,2025-12-15 16:15:28,"경상북도 구미시 도봉로 78 (도량동,아이코아상가 105호)",,,,영업,01,43.2,0,01,,,제과점영업,,,0544426020,318523.405830679    ,294004.112758008    ,경상북도 구미시 도량동 229-1 아이코아상가 105호 ,,2021-11-22 11:48:13
5080000,5080000-121-2005-00099,2005-10-07,폐업,2011-09-19,53.24,730-823,,앤티크과자점,제과점영업,I,,,,,상수도전용,0,N,2025-12-15 16:15:28,,,,,폐업,02,53.24,0,03,기타,,제과점영업,,,0544753060,327414.575374391    ,294049.808398374    ,경상북도 구미시 옥계동 632-1 104호 ,,2010-02-04 16:04:27
5080000,5080000-121-2005-00100,2005-10-20,폐업,2020-01-21,43.60,730-819,39179,뚜레쥬르 구미옥계점,제과점영업,I,,,,,상수도전용,0,N,2025-12-15 16:15:28,경상북도 구미시 흥안로 17 (옥계동),,,,폐업,02,43.6,0,03,주택가주변,,제과점영업,,,0544758295,327416.702392882    ,294966.273057227    ,경상북도 구미시 옥계동 560-1 ,,2020-01-21 14:30:48
5080000,5080000-121-2005-00101,2005-11-18,폐업,2018-05-10,46.46,730-816,39137,에덴빵터전,제과점영업,I,,,,,상수도전용,0,N,2025-12-15 16:15:28,"경상북도 구미시 고아읍 선산대로 1218, 16동 103호 (고아에덴타운상가)",,,,폐업,02,46.46,0,03,,,제과점영업,,,0544810904,317873.320665362    ,303501.400498966    ,경상북도 구미시 고아읍 오로리 460-1 고아에덴타운상가 16동 103호,,2018-05-10 12:48:53
5080000,5080000-121-2005-00102,2005-11-21,폐업,2012-03-12,44.52,730-823,,마듀 옥계점,제과점영업,I,,,,,상수도전용,0,N,2025-12-15 16:15:28,,,,,폐업,02,44.52,0,03,,,제과점영업,,,0544750633,327310.680889947    ,294030.582724185    ,경상북도 구미시 옥계동 640-1 구미옥계2지구 임대아파트 208동 106호,,2009-03-09 11:51:29
5080000,5080000-121-2005-00103,2005-11-23,폐업,2006-10-12,112.83,730-120,,정항우케잌,제과점영업,I,,,,,상수도전용,0,N,2025-12-15 16:15:28,,,,,폐업,02,112.83,0,03,기타,,제과점영업,,,0544655995,321976.158354052    ,288765.621966699    ,경상북도 구미시 상모동 9-2 ,,2005-11-23 00:00:00
5080000,5080000-121-2005-00104,2005-12-06,영업/정상,,120.00,730-080,39347,몽블랑제홈플러스구미광평점,제과점영업,I,,,,,상수도전용,0,N,2025-12-15 16:15:28,"경상북도 구미시 구미대로 174 (광평동, 홈플러스구미광평점)",,,,영업,01,120,0,01,기타,,제과점영업,,,0544578000,322735.286027559    ,290001.107358242    ,경상북도 구미시 광평동 792-21 홈플러스구미광평점 ,,2024-02-21 10:43:40
5080000,5080000-121-2005-00105,2005-12-19,영업/정상,,72.00,730-917,39255,쁘띠르뽀미에롯데마트구미점,제과점영업,I,,,,,상수도전용,0,N,2025-12-15 16:15:28,"경상북도 구미시 구미대로22길 11 (신평동,외 31필지)",,,,영업,01,72,0,01,기타,,제과점영업,,,0544628141,,,경상북도 구미시 신평동 465 외 31필지 ,,2020-07-10 13:26:27
5080000,5080000-121-2005-00106,2005-12-26,폐업,2020-04-08,55.20,730-727,39433,정인국찰찐빵,제과점영업,I,,,,,상수도전용,0,N,2025-12-15 16:15:28,"경상북도 구미시 여헌로 15, 101동 101호 (인의동, 인동서한이다음)",,,,폐업,02,55.2,0,03,기타,,제과점영업,,,0544740426,,,경상북도 구미시 인의동 578 인동서한이다음 101동 101호,,2020-04-08 17:46:18
5080000,5080000-121-2006-00001,2006-01-13,폐업,2007-04-30,55.27,730-743,,마듀 봉곡점,제과점영업,I,,,,,,0,N,2025-12-15 16:15:28,,,,,폐업,02,55.27,0,03,,,제과점영업,,,0544540435,,,경상북도 구미시 봉곡동 105 세양청마루 301동 3호,,2006-01-13 00:00:00
5080000,5080000-121-2006-00002,2006-02-02,폐업,2007-04-02,50.51,730-807,,크라운베이커리 봉곡점,제과점영업,I,,,,,,0,N,2025-12-15 16:15:28,,,,,폐업,02,50.51,0,03,,,제과점영업,,,0544438828,318156.378710028    ,294175.160481873    ,경상북도 구미시 봉곡동 18-6 ,,2006-02-02 00:00:00
5080000,5080000-121-2006-00003,2006-02-09,폐업,2008-04-04,46.40,730-916,,쿠키몬스터,제과점영업,I,,,,,,0,N,2025-12-15 16:15:28,,,,,폐업,02,46.4,0,03,,,제과점영업,,,0544515232,319886.432926575    ,293106.971099699    ,경상북도 구미시 원평동 158-32 ,,2006-02-09 00:00:00
5080000,5080000-121-2006-00004,2006-03-09,폐업,2011-03-09,44.49,730-360,,램브란트,제과점영업,I,,,,,,0,N,2025-12-15 16:15:28,,,,,폐업,02,44.49,0,03,,,제과점영업,,,0544750435,327591.840913753    ,290553.67907798     ,경상북도 구미시 진평동 1023-1 외2필지 시네마월드 110호 ,,2010-09-13 16:11:47
5080000,5080000-121-2006-00005,2006-04-03,영업/정상,,91.40,730-908,39202,파리바게뜨현진점,제과점영업,I,,,,,,0,N,2025-12-15 16:15:28,"경상북도 구미시 도봉로 76-51 (도량동,중앙빌딩 104,105호)",,,,영업,01,91.4,0,01,,,제과점영업,,,0544412334,318486.940179515    ,294016.141491925    ,"경상북도 구미시 도량동 227-2 중앙빌딩 104,105호 ",,2022-07-25 15:02:53
5080000,5080000-121-2006-00006,2006-04-03,폐업,2009-12-21,57.33,730-300,,던킨도너츠 구평점,제과점영업,I,,,,,,0,N,2025-12-15 16:15:28,,,,,폐업,02,57.33,0,03,,,제과점영업,,,,,,경상북도 구미시 구평동 25B 8L 외1필지 진평구획정리지구 ,,2006-04-03 00:00:00
5080000,5080000-121-2006-00007,2006-04-19,폐업,2008-06-25,39.65,730-908,,뚜레쥬르도량점,제과점영업,I,,,,,,0,N,2025-12-15 16:15:28,,,,,폐업,02,39.65,0,03,,,제과점영업,,,0544570460,,,경상북도 구미시 도량동 222 구미도량뜨란채5단지 상가동 102호 ,,2006-04-19 00:00:00
5080000,5080000-121-2006-00008,2006-05-04,폐업,2011-02-17,40.00,730-809,,(주)파워마트봉곡점,제과점영업,I,,,,,,0,N,2025-12-15 16:15:28,,,,,폐업,02,40,0,03,,,제과점영업,,,0544433232,317893.40295264     ,295083.773302829    ,경상북도 구미시 봉곡동 303-1 외1필지 ,,2007-08-02 13:48:32
5080000,5080000-121-2006-00009,2006-06-12,폐업,2007-01-31,32.40,730-110,,하우스베이커리,제과점영업,I,,,,,,0,N,2025-12-15 16:15:28,,,,,폐업,02,32.4,0,03,,,제과점영업,,,0544643411,321983.221316635    ,289034.896245074    ,경상북도 구미시 사곡동 690-2 ,,2006-06-12 00:00:00
5080000,5080000-121-2006-00010,2006-07-14,폐업,2007-02-14,24.50,730-908,,엠베이커리,제과점영업,I,,,,,,0,N,2025-12-15 16:15:28,,,,,폐업,02,24.5,0,03,,,제과점영업,,,0544575660,,,경상북도 구미시 도량동 112 한빛타운상가 A동 101호,,2006-07-14 00:00:00
5080000,5080000-121-2006-00011,2006-08-11,폐업,2013-01-10,42.28,730-804,,웰빙빵굼터,제과점영업,I,,,,,,0,N,2025-12-15 16:15:28,,,,,폐업,02,42.28,0,03,,,제과점영업,,,,316659.757008399    ,305446.208967509    ,경상북도 구미시 선산읍 완전리 63-1 ,,2006-08-11 00:00:00
5080000,5080000-121-2006-00012,2006-08-22,폐업,2007-12-10,60.16,730-819,,도너츠카페,제과점영업,I,,,,,,0,N,2025-12-15 16:15:28,,,,,폐업,02,60.16,0,03,,,제과점영업,,,0544730454,327498.14146226     ,294996.698431751    ,경상북도 구미시 옥계동 556-5 1층 ,,2006-08-22 00:00:00
5080000,5080000-121-2006-00013,2006-09-14,폐업,2008-05-01,74.40,730-925,,하나로베이커리,제과점영업,I,,,,,,0,N,2025-12-15 16:15:28,,,,,폐업,02,74.4,0,03,,,제과점영업,,,,,,경상북도 구미시 원평동 1076 ,,2007-01-30 00:00:00
5080000,5080000-121-2006-00014,2006-12-22,폐업,2010-03-09,79.52,730-110,,서정욱베이커리,제과점영업,I,,,,,,0,N,2025-12-15 16:15:28,,,,,폐업,02,79.52,0,03,,,제과점영업,,,,322294.302403182    ,289626.512986288    ,경상북도 구미시 사곡동 664-6 삼우그린빌 101호 ,,2006-12-22 00:00:00
5080000,5080000-121-2007-00001,2007-02-06,폐업,2009-09-08,20.28,730-400,,듀팽베이커리,제과점영업,I,,,,,,0,N,2025-12-15 16:15:28,,,,,폐업,02,20.28,0,03,,,제과점영업,,,,327436.533287674    ,293071.402249502    ,경상북도 구미시 구포동 674-1 홈마트 내 ,,2008-10-28 09:29:18
5080000,5080000-121-2007-00002,2007-02-07,폐업,2016-12-14,29.70,730-142,39363,대백베이커리,제과점영업,I,,,,,,0,N,2025-12-15 16:15:28,"경상북도 구미시 금오대로2길 70 (오태동,외 2필지 필마트 내 2층)",,,,폐업,02,29.7,0,03,,,제과점영업,,,,321767.060916002    ,286192.468527793    ,경상북도 구미시 오태동 773-3 외 2필지 필마트 내 2층 ,,2012-10-30 16:06:45
5080000,5080000-121-2007-00003,2007-03-22,폐업,2008-03-25,32.40,730-110,,도우모베이커리,제과점영업,I,,,,,,0,N,2025-12-15 16:15:28,,,,,폐업,02,32.4,0,03,,,제과점영업,,,0544643411,321983.221316635    ,289034.896245074    ,경상북도 구미시 사곡동 690-2 ,,2007-03-22 00:00:00
5080000,5080000-121-2007-00004,2007-04-03,폐업,2012-07-12,24.19,730-300,,빵나라친구들,제과점영업,I,,,,,,0,N,2025-12-15 16:15:28,,,,,폐업,02,24.19,0,03,,,제과점영업,,,0544750252,,,경상북도 구미시 구평동 684-1 ,,2007-04-03 00:00:00
5080000,5080000-121-2007-00005,2007-04-09,폐업,2012-09-03,29.70,730-320,39429,빵으로여는세상,제과점영업,I,,,,,,0,N,2025-12-15 16:15:28,"경상북도 구미시 인동중앙로 50 (인의동,빅마트 지하)",,,,폐업,02,29.7,0,03,,,제과점영업,,,,328047.952917737    ,290803.86895443     ,경상북도 구미시 인의동 364-4 빅마트 지하 ,,2007-04-09 00:00:00
5080000,5080000-121-2007-00006,2007-04-26,영업/정상,,27.44,730-120,39335,코코호도구미상모점,제과점영업,I,,,,,,0,N,2025-12-15 16:15:28,"경상북도 구미시 상모로 51 (상모동,102호)",,,,영업,01,27.44,0,01,,,제과점영업,,,0544626868,322018.784539463    ,288560.356348068    ,경상북도 구미시 상모동 47-8 102호 ,,2016-12-22 10:26:22
5080000,5080000-121-2007-00007,2007-06-05,폐업,2008-10-10,50.17,730-807,,마리앙,제과점영업,I,,,,,상수도전용,0,N,2025-12-15 16:15:28,,,,,폐업,02,50.17,0,03,,,제과점영업,,,,,,경상북도 구미시 봉곡동 105 301동 1층 3호 ,,2007-06-25 14:37:03
5080000,5080000-121-2007-00008,2007-08-13,폐업,2012-03-13,59.34,730-120,39338,페팽과자점,제과점영업,I,,,,,상수도전용,,N,2025-12-15 16:15:28,경상북도 구미시 상사서로 60 (상모동),,,,폐업,02,59.34,,03,,,제과점영업,,,0544648585,322017.145481246    ,288334.357551843    ,경상북도 구미시 상모동 54-4 ,,2007-08-16 12:43:36
5080000,5080000-121-2007-00009,2007-08-27,폐업,2008-02-11,10.00,730-080,,좋은날떡케잌,제과점영업,I,,,,,상수도전용,,N,2025-12-15 16:15:28,,,,,폐업,02,10,,03,기타,,제과점영업,,,0544598000,,,경상북도 구미시 광평동 792-36 외 20필지 ,,2007-08-29 13:38:47
5080000,5080000-121-2007-00010,2007-09-06,폐업,2008-05-13,53.10,730-802,,프랑세즈제과점,제과점영업,I,,,,,상수도전용,,N,2025-12-15 16:15:28,,,,,폐업,02,53.1,,03,기타,,제과점영업,,,0544810825,316187.651297869    ,305142.708186649    ,경상북도 구미시 선산읍 이문리 690-1 ,,2007-09-21 13:47:02
5080000,5080000-121-2007-00011,2007-10-01,폐업,2024-10-17,51.52,730-912,39274,뚜레쥬르구미송정점,제과점영업,I,,,,,상수도전용,,N,2025-12-15 16:15:28,경상북도 구미시 백산로 61 (송정동),,,,폐업,02,51.52,,03,아파트지역,,제과점영업,,,0544413339,320624.873169954    ,292059.182532612    ,경상북도 구미시 송정동 4-1 ,,2024-10-17 13:06:19
5080000,5080000-121-2007-00012,2007-10-12,폐업,2011-05-23,29.74,730-320,,고흐베이커리,제과점영업,I,,,,,상수도전용,,N,2025-12-15 16:15:28,,,,,폐업,02,29.74,,03,주택가주변,,제과점영업,,,,328373.240816513    ,291647.527019947    ,경상북도 구미시 인의동 814-6 외 3필지 돌마트 ,,2010-11-25 15:38:33
5080000,5080000-121-2007-00013,2007-10-23,폐업,2023-02-20,18.15,730-908,39202,쥬벨베이커리,제과점영업,I,,,,,상수도전용,,N,2025-12-15 16:15:28,"경상북도 구미시 도봉로 76-55 (도량동,도량번개시장 A동 D-101)",,,,폐업,02,18.15,,03,,,제과점영업,,,0547157615,,,경상북도 구미시 도량동 226 도량번개시장 A동 D-101 ,,2023-02-20 07:57:02
5080000,5080000-121-2007-00014,2007-10-29,폐업,2018-06-25,123.12,730-809,39210,오규현과자점,제과점영업,I,,,,,상수도전용,,N,2025-12-15 16:15:28,경상북도 구미시 봉곡남로 116 (봉곡동),,,,폐업,02,123.12,,03,기타,,제과점영업,,,,318241.800249361    ,295191.305239112    ,경상북도 구미시 봉곡동 384-7 ,,2018-06-25 15:41:08
5080000,5080000-121-2007-00015,2007-11-08,폐업,2020-10-12,49.32,730-932,39430,떡보의하루 인동점,제과점영업,I,,,,,상수도전용,,N,2025-12-15 16:15:28,경상북도 구미시 인동중앙로11길 24 (황상동),,,,폐업,02,49.32,,03,기타,,제과점영업,,,0544764411,327788.826934711    ,290768.197382102    ,경상북도 구미시 황상동 303-1 ,,2020-10-12 15:50:32
5080000,5080000-121-2007-00016,2007-11-08,폐업,2016-07-06,24.35,730-360,39412,쁘레스꼬,제과점영업,I,,,,,상수도전용,,N,2025-12-15 16:15:28,"경상북도 구미시 인동36길 26 (진평동,  롯데슈퍼 내)",,,,폐업,02,24.35,,03,기타,,제과점영업,,,0544752357,328836.62781365     ,288921.86156748     ,경상북도 구미시 진평동 98-11 롯데슈퍼 내 ,,2015-09-21 16:40:24
5080000,5080000-121-2007-00017,2007-11-27,영업/정상,,145.58,730-927,39294,파리바게뜨구미차병원점,제과점영업,I,,,,,상수도전용,,N,2025-12-15 16:15:28,경상북도 구미시 신시로 65 (형곡동),,,,영업,01,145.58,,01,,,제과점영업,,,0544588260,320463.574268334    ,291185.746348717    ,경상북도 구미시 형곡동 144-10 ,,2024-04-11 15:53:38
5080000,5080000-121-2008-00001,2008-02-22,영업/정상,,89.10,730-930,39314,뚜레쥬르 형곡중앙점,제과점영업,I,,,,,상수도전용,,N,2025-12-15 16:15:28,"경상북도 구미시 형곡로 187, 1층 (형곡동)",,,,영업,01,89.1,,01,,,제과점영업,,,0544571117,320277.518876406    ,290420.641677064    ,경상북도 구미시 형곡동 263-6 1층 ,,2020-01-29 16:41:00
5080000,5080000-121-2008-00002,2008-03-13,폐업,2011-03-29,,730-080,,일해식품(주),제과점영업,I,,,,,,,N,2025-12-15 16:15:28,,,,,폐업,02,0,,03,,,제과점영업,,,0544442225,,,경상북도 구미시 광평동 792-36 외20필지 홈플러스 구미점 ,,2008-10-23 17:57:36
5080000,5080000-121-2008-00003,2008-03-24,영업/정상,,132.20,730-809,39210,파리바게뜨구미봉곡점,제과점영업,I,,,,,상수도전용,,N,2025-12-15 16:15:28,경상북도 구미시 봉곡로 108 (봉곡동),,,,영업,01,132.2,,01,,,제과점영업,,,0544518288,317888.956556862    ,294994.566000899    ,경상북도 구미시 봉곡동 378-4 ,,2017-05-19 11:19:10
5080000,5080000-121-2008-00004,2008-03-27,폐업,2012-01-27,39.00,730-360,,프로방스,제과점영업,I,,,,,상수도전용,,N,2025-12-15 16:15:28,,,,,폐업,02,39,,03,,,제과점영업,,,0544760405,328443.822441763    ,289201.681773234    ,경상북도 구미시 진평동 108-3 101호 ,,2008-03-27 15:17:13
5080000,5080000-121-2008-00005,2008-04-21,폐업,2010-12-01,32.40,730-110,,사곡웰빙베이커리,제과점영업,I,,,,,상수도전용,,N,2025-12-15 16:15:28,,,,,폐업,02,32.4,,03,,,제과점영업,,,,321983.221316635    ,289034.896245074    ,경상북도 구미시 사곡동 690-2 ,,2008-04-25 10:22:53
5080000,5080000-121-2008-00006,2008-04-29,폐업,2008-10-29,54.63,730-320,,케익하우스예담,제과점영업,I,,,,,상수도전용,,N,2025-12-15 16:15:28,,,,,폐업,02,54.63,,03,,,제과점영업,,,,,,경상북도 구미시 인의동 578 인동서한이다음 101동 106호 ,,2008-04-29 11:32:30
5080000,5080000-121-2008-00007,2008-05-07,폐업,2025-02-25,44.63,730-925,39234,더프렌치파머스점,제과점영업,I,,,,,상수도전용,,N,2025-12-15 16:15:28,"경상북도 구미시 산업로 310 (원평동,구미농협파머스마켓)",,,,폐업,02,44.63,,03,,,제과점영업,,,0544570460,,,경상북도 구미시 원평동 1076 구미농협파머스마켓 ,,2025-02-25 11:26:41
5080000,5080000-121-2008-00008,2008-06-26,영업/정상,,47.90,730-120,39340,뚜레쥬르구미상모점,제과점영업,I,,,,,상수도전용,,N,2025-12-15 16:15:28,"경상북도 구미시 상사서로 33-2 (상모동,외1필지)",,,,영업,01,47.9,,01,,,제과점영업,,,0544612135,322000.518360055    ,288074.880237268    ,경상북도 구미시 상모동 37-9 외1필지 ,,2022-03-14 17:41:40
5080000,5080000-121-2008-00009,2008-07-04,폐업,2010-05-03,15.20,730-360,,케익이벤트,제과점영업,I,,,,,상수도전용,,N,2025-12-15 16:15:28,,,,,폐업,02,15.2,,03,,,제과점영업,,,,328303.904770334    ,289058.155115245    ,경상북도 구미시 진평동 129-2 ,,2008-07-05 10:02:10
5080000,5080000-121-2008-00010,2008-07-07,폐업,2010-06-07,47.88,730-130,,삼부베이커리,제과점영업,I,,,,,상수도전용,,N,2025-12-15 16:15:28,,,,,폐업,02,47.88,,03,,,제과점영업,,,0544658253,,,경상북도 구미시 임은동 439 외2필지 ,,2008-07-09 09:27:04
5080000,5080000-121-2008-00011,2008-07-25,폐업,2015-01-05,19.08,730-300,39449,쥬벨베이커리,제과점영업,I,,,,,상수도전용,,N,2025-12-15 16:15:28,"경상북도 구미시 인동36길 23-7 (구평동,외1필지)",,,,폐업,02,19.08,,03,,,제과점영업,,,,328961.919318572    ,288972.250236987    ,경상북도 구미시 구평동 451-1 외1필지 ,,2013-02-14 15:04:11
5080000,5080000-121-2008-00012,2008-07-29,폐업,2024-06-13,24.80,730-927,39294,케익하우스 엠마,제과점영업,I,,,,,상수도전용,,N,2025-12-15 16:15:28,"경상북도 구미시 경은로 88 (형곡동,외2필지)",,,,폐업,02,24.8,,03,,,제과점영업,,,0544527007,320332.482703667    ,291158.238362821    ,경상북도 구미시 형곡동 143-19 외2필지 ,,2024-06-13 17:11:37
5080000,5080000-121-2008-00013,2008-10-01,폐업,2017-11-24,129.72,730-930,39314,파바과자점,제과점영업,I,,,,,상수도전용,,N,2025-12-15 16:15:28,"경상북도 구미시 신시로 3 (형곡동,1층)",,,,폐업,02,129.72,,03,,,제과점영업,,,0544531002,320499.94948352     ,290564.484115507    ,경상북도 구미시 형곡동 187-6 1층 ,,2017-11-24 17:04:06
5080000,5080000-121-2008-00014,2008-11-24,폐업,2014-06-30,41.05,730-912,39304,케익타운,제과점영업,I,,,,,상수도전용,,N,2025-12-15 16:15:28,"경상북도 구미시 박정희로 599, 104호 (송정동, 푸르지오캐슬A단지 상가동)",,,,폐업,02,41.05,,03,,,제과점영업,,,0544430425,,,경상북도 구미시 송정동 3 외2필지 푸르지오캐슬A단지 상가동 104호,,2014-02-24 18:06:31
5080000,5080000-121-2008-00015,2008-12-04,폐업,2019-01-24,50.30,730-808,39207,포포케잌봉곡점,제과점영업,I,,,,,상수도전용,,N,2025-12-15 16:15:28,경상북도 구미시 봉곡로14길 27 (봉곡동),,,,폐업,02,50.3,,03,,,제과점영업,,,,,,경상북도 구미시 봉곡동 291 ,,2019-01-24 09:26:19
5080000,5080000-121-2008-00016,2008-12-05,영업/정상,,136.50,730-824,39184,파리바게뜨옥계양포도서관점,제과점영업,I,,,,,상수도전용,,N,2025-12-15 16:15:28,경상북도 구미시 산호대로31길 20 (옥계동),,,,영업,01,136.5,,01,,,제과점영업,,,0544761133,327974.721111527    ,293988.491418757    ,경상북도 구미시 옥계동 732-1 ,,2024-10-11 15:18:52
5080000,5080000-121-2008-00017,2008-12-10,폐업,2010-07-14,24.50,730-110,,프라임베이커리,제과점영업,I,,,,,상수도전용,,N,2025-12-15 16:15:28,,,,,폐업,02,24.5,,03,,,제과점영업,,,,322363.433903455    ,289561.438907256    ,경상북도 구미시 사곡동 670-3 ,,2009-01-21 18:41:38
5080000,5080000-121-2009-00001,2009-02-16,폐업,2011-08-08,50.00,730-824,,뚜레쥬르구미4공단점,제과점영업,I,,,,,상수도전용,,N,2025-12-15 16:15:28,,,,,폐업,02,50,,03,아파트지역,,제과점영업,,,0544760825,327842.843520302    ,293997.265255794    ,경상북도 구미시 옥계동 833-4 원광빌딩 105호 ,,2010-11-26 12:28:58
5080000,5080000-121-2009-00002,2009-03-02,폐업,2024-01-31,52.98,730-320,39433,빵굽는남자,제과점영업,I,,,,,상수도전용,,N,2025-12-15 16:15:28,"경상북도 구미시 여헌로 15, 인동 서한이다음 101동 1층 101호 (인의동)",,,,폐업,02,52.98,,03,,,제과점영업,,,0544745409,,,경상북도 구미시 인의동 578 인동 서한이다음 1층 101동 101호,,2024-01-31 10:13:15
5080000,5080000-121-2009-00003,2009-03-16,영업/정상,,112.37,730-300,39449,파리바게뜨구미구평점,제과점영업,I,,,,,상수도전용,,N,2025-12-15 16:15:28,"경상북도 구미시 인동36길 9 (구평동,금강빌딩 1층)",,,,영업,01,112.37,,01,,,제과점영업,,,0544746474,328954.291010126    ,289060.668007839    ,경상북도 구미시 구평동 446-3 금강빌딩 1층 ,,2024-06-19 15:22:37
5080000,5080000-121-2009-00004,2009-03-31,폐업,2016-05-09,23.54,730-320,39437,빵굽는마을,제과점영업,I,,,,,상수도전용,,N,2025-12-15 16:15:28,경상북도 구미시 인동19길 25 (인의동),,,,폐업,02,23.54,,03,,,제과점영업,,,,328583.801658213    ,289753.426267648    ,경상북도 구미시 인의동 667-7 ,,2016-05-09 11:26:42
5080000,5080000-121-2009-00005,2009-04-13,영업/정상,,54.40,730-940,39276,파리바게트 송정점,제과점영업,I,,,,,상수도전용,,N,2025-12-15 16:15:28,"경상북도 구미시 백산로 141 (송정동,101호)",,,,영업,01,54.4,,01,,,제과점영업,,,0544568256,321351.745470469    ,291833.03715594     ,경상북도 구미시 송정동 64-1 101호 ,,2009-04-13 11:54:29
5080000,5080000-121-2009-00006,2009-04-14,폐업,2012-04-02,43.84,730-360,39399,도우모베이커리,제과점영업,I,,,,,상수도전용,,N,2025-12-15 16:15:28,"경상북도 구미시 인동16길 48-4 (진평동,외1필지)",,,,폐업,02,43.84,,03,,,제과점영업,,,0544755568,327921.044014279    ,289522.739726183    ,경상북도 구미시 진평동 40-8 외1필지 ,,2009-05-04 09:29:56
5080000,5080000-121-2009-00007,2009-05-13,폐업,2025-01-02,41.20,730-400,39421,바른빵집,제과점영업,I,,,,,상수도전용,,N,2025-12-15 16:15:28,"경상북도 구미시 옥계2공단로 264-9, 1층 (구포동)",,,,폐업,02,41.2,,03,,,제과점영업,,,0544747997,,,경상북도 구미시 구포동 675 1층 ,,2025-01-03 10:18:02
5080000,5080000-121-2009-00008,2009-06-26,폐업,2010-03-25,9.90,730-080,,(주)조선호텔베이커리 데이앤데이 구미점2,제과점영업,I,,,,,상수도전용,,N,2025-12-15 16:15:28,,,,,폐업,02,9.9,,03,,,제과점영업,,,027286011,322824.51490748     ,290746.468249832    ,경상북도 구미시 광평동 65-1 이마트내 지하1층 ,,2009-07-06 07:57:17
5080000,5080000-121-2009-00009,2009-07-28,폐업,2010-08-06,33.09,730-922,,따비오베이커리,제과점영업,I,,,,,상수도전용,,N,2025-12-15 16:15:28,,,,,폐업,02,33.09,,03,,,제과점영업,,,,319791.670828281    ,292767.76066196     ,경상북도 구미시 원평동 1008-1 외11필지 ,,2009-08-04 10:16:03
5080000,5080000-121-2009-00010,2009-08-10,폐업,2012-04-05,29.26,730-320,39440,행복베이커리,제과점영업,I,,,,,상수도전용,,N,2025-12-15 16:15:28,"경상북도 구미시 인동25길 6 (인의동,빅세일마트)",,,,폐업,02,29.26,,03,,,제과점영업,,,,328707.76888667     ,289410.285710174    ,경상북도 구미시 인의동 1000-1 빅세일마트 ,,2011-07-15 14:55:20
5080000,5080000-121-2009-00011,2009-08-26,폐업,2014-12-15,25.86,730-811,39142,고아디씨마트 크라운베이커리,제과점영업,I,,,,,상수도전용,,N,2025-12-15 16:15:28,경상북도 구미시 고아읍 선산대로 1010,,,,폐업,02,25.86,,03,,,제과점영업,,,0544824972,319159.575681752    ,302123.019985362    ,경상북도 구미시 고아읍 관심리 726-1 ,,2015-03-03 09:27:33
5080000,5080000-121-2009-00012,2009-09-08,폐업,2010-09-28,28.20,730-320,,홀베이커리,제과점영업,I,,,,,상수도전용,,N,2025-12-15 16:15:28,,,,,폐업,02,28.2,,03,,,제과점영업,,,0544762206,,,경상북도 구미시 인의동 285 ,,2009-09-08 13:19:23
5080000,5080000-121-2009-00013,2009-11-24,영업/정상,,75.40,730-804,39125,파리바게뜨 선산점,제과점영업,I,,,,,상수도전용,,N,2025-12-15 16:15:28,경상북도 구미시 선산읍 남문로 39 (1층),,,,영업,01,75.4,,01,,,제과점영업,,,0544823582,316915.668422452    ,305297.125740846    ,경상북도 구미시 선산읍 완전리 219-2 1층 ,,2025-04-16 10:10:08
5080000,5080000-121-2009-00014,2009-11-26,폐업,2010-11-17,23.20,730-927,,프랑소미,제과점영업,I,,,,,상수도전용,,N,2025-12-15 16:15:28,,,,,폐업,02,23.2,,03,,,제과점영업,,,0544520459,320398.906692341    ,291000.763134341    ,경상북도 구미시 형곡동 145-17 외2필지 빅마트1층 ,,2010-08-12 15:54:48
5080000,5080000-121-2010-00001,2010-01-08,영업/정상,,83.50,730-030,39247,파리바게뜨 구미신평점,제과점영업,I,,,,,상수도전용,,N,2025-12-15 16:15:28,"경상북도 구미시 신비로 95, 강변파라디아 A동 1층 101호 (공단동)",,,,영업,01,83.5,,01,,,제과점영업,,,0544628283,,,경상북도 구미시 공단동 759 강변파라디아 1층 A동 101호,,2021-08-04 15:36:39
5080000,5080000-121-2010-00002,2010-01-18,폐업,2020-04-01,41.80,730-360,39408,더프렌치진평점,제과점영업,I,,,,,상수도전용,,N,2025-12-15 16:15:28,"경상북도 구미시 인동남길 106 (진평동,외2필지 하나로마트내 1층)",,,,폐업,02,41.8,,03,,,제과점영업,,,0544762502,328443.266245698    ,289490.387368801    ,경상북도 구미시 진평동 12-3 외2필지 하나로마트내 1층 ,,2020-04-01 13:57:30
5080000,5080000-121-2010-00003,2010-01-18,영업/정상,,71.13,730-817,39149,파리바게뜨구미원호점,제과점영업,U,,,,,상수도전용,,N,2026-03-07 21:46:13,"경상북도 구미시 고아읍 문장로 218, 1층",,,,영업,01,71.13,,01,,,제과점영업,,,0544528286,319583.626135042    ,295486.423754642    ,경상북도 구미시 고아읍 원호리 448-1 1층 ,,2026-03-06 17:28:47
5080000,5080000-121-2010-00004,2010-01-19,폐업,2016-03-14,24.11,730-929,39312,따삐오베이커리,제과점영업,I,,,,,상수도전용,,N,2025-12-15 16:15:28,"경상북도 구미시 형곡서로 74 (형곡동,외1필지 롯데슈퍼형곡점내)",,,,폐업,02,24.11,,03,,,제과점영업,,,,,,경상북도 구미시 형곡동 252 외1필지 롯데슈퍼형곡점내 ,,2014-03-31 17:32:20
5080000,5080000-121-2010-00005,2010-01-21,영업/정상,,76.80,730-110,39330,몽블랑베이커리,제과점영업,I,,,,,상수도전용,,N,2025-12-15 16:15:28,"경상북도 구미시 사곡로 15, 1층 (사곡동)",,,,영업,01,76.8,,01,,,제과점영업,,,0544646701,322166.853062504    ,289139.753876606    ,경상북도 구미시 사곡동 684-14 1층 ,,2024-08-30 17:30:45
5080000,5080000-121-2010-00006,2010-02-17,영업/정상,,65.90,730-823,39186,파리바게뜨 옥계대우점,제과점영업,I,,,,,상수도전용,,N,2025-12-15 16:15:28,"경상북도 구미시 산호대로23길 35-1 (옥계동, 1층)",,,,영업,01,65.9,,01,,,제과점영업,,,0544758255,327431.730467249    ,294084.364575533    ,경상북도 구미시 옥계동 631-9 1층 ,,2019-08-13 15:46:00
5080000,5080000-121-2010-00007,2010-03-24,폐업,2019-04-12,42.49,730-908,39196,퐁포네뜨베이커리 도량빅세일마트,제과점영업,I,,,,,상수도전용,,N,2025-12-15 16:15:28,"경상북도 구미시 송동로 64 (도량동,외 4필지 도량빅세일마트내 1층)",,,,폐업,02,42.49,,03,,,제과점영업,,,0544439200,319131.646482495    ,293901.795042321    ,경상북도 구미시 도량동 262-4 외 4필지 도량빅세일마트내 1층 ,,2019-04-12 14:18:26
5080000,5080000-121-2010-00008,2010-04-26,영업/정상,,85.50,730-360,39398,파리바게뜨 구미진평점,제과점영업,I,,,,,상수도전용,,N,2025-12-15 16:15:28,"경상북도 구미시 인동16길 5, 1층 (진평동)",,,,영업,01,85.5,,01,,,제과점영업,,,0544758281,328291.197965291    ,289662.30681626     ,경상북도 구미시 진평동 9-1 1층 ,,2024-06-19 15:25:06
5080000,5080000-121-2010-00009,2010-04-27,폐업,2015-08-18,26.92,730-912,39304,돈스베이커리,제과점영업,I,,,,,상수도전용,,N,2025-12-15 16:15:28,"경상북도 구미시 박정희로 599 (송정동,외2필지 푸르지오 캐슬A단지 상가동 114호)",,,,폐업,02,26.92,,03,,,제과점영업,,,,,,경상북도 구미시 송정동 3 외2필지 푸르지오 캐슬A단지 상가동 114호 ,,2011-07-06 13:34:17
5080000,5080000-121-2010-00010,2010-05-11,폐업,2015-01-09,68.29,730-915,,뚜레쥬르 차병원점,제과점영업,I,,,,,상수도전용,,N,2025-12-15 16:15:28,"경상북도 구미시 신시로 76 (송정동,1층)",,,,폐업,02,68.29,,03,,,제과점영업,,,0544564104,320544.326305329    ,291304.473402579    ,경상북도 구미시 송정동 464-5 1층 ,,2010-05-27 12:42:42
5080000,5080000-121-2010-00011,2010-05-28,폐업,2016-12-27,7.00,730-080,39344,(주)신세계푸드이베이커리구미점행사매장,제과점영업,I,,,,,상수도전용,,N,2025-12-15 16:15:28,"경상북도 구미시 구미대로 256 (광평동, 이마트구미점B1)",,,,폐업,02,7,,03,,,제과점영업,,,0544651980,322824.51490748     ,290746.468249832    ,경상북도 구미시 광평동 65-1 이마트구미점B1 ,,2016-11-22 11:32:39
5080000,5080000-121-2010-00012,2010-06-21,영업/정상,,137.95,730-932,39428,파리바게뜨 구미황상점,제과점영업,I,,,,,상수도전용,,N,2025-12-15 16:15:28,"경상북도 구미시 검성로 86, 1층 (황상동)",,,,영업,01,137.95,,01,,,제과점영업,,,0544718272,328355.265453413    ,291705.39001839     ,경상북도 구미시 황상동 200-8 1층 ,,2021-09-16 15:16:14
5080000,5080000-121-2010-00013,2010-06-22,폐업,2010-08-18,47.88,730-130,,조가네과자점,제과점영업,I,,,,,상수도전용,,N,2025-12-15 16:15:28,,,,,폐업,02,47.88,,03,,,제과점영업,,,,,,경상북도 구미시 임은동 439 1층 삼부쇼핑내 베이커리코너 ,,2010-07-01 19:07:01
5080000,5080000-121-2010-00014,2010-06-30,영업/정상,,20.48,730-916,39221,구윤기 베이커리,제과점영업,I,,,,,상수도전용,,N,2025-12-15 16:15:28,"경상북도 구미시 구미중앙로 61-6, D동 101호 (원평동)",,,,영업,01,20.48,,01,,,제과점영업,,,0544443803,319657.923169956    ,292978.129032842    ,경상북도 구미시 원평동 119-2 D동 101호 ,,2021-11-22 11:49:08
5080000,5080000-121-2010-00015,2010-07-06,폐업,2012-07-09,34.80,730-120,,애플,제과점영업,I,,,,,상수도전용,,N,2025-12-15 16:15:28,,,,,폐업,02,34.8,,03,,,제과점영업,,,,322043.143644739    ,288126.324630149    ,경상북도 구미시 상모동 73-4 1동 1층 ,,2011-11-23 13:38:46
5080000,5080000-121-2010-00016,2010-07-08,폐업,2010-12-24,18.09,730-824,,안경미베이커리,제과점영업,I,,,,,상수도전용,,N,2025-12-15 16:15:28,,,,,폐업,02,18.09,,03,,,제과점영업,,,,327816.293417966    ,294000.514564126    ,경상북도 구미시 옥계동 833-3 올레마트내 ,,2010-07-30 16:22:34
5080000,5080000-121-2010-00017,2010-07-28,폐업,2012-02-21,33.74,730-050,,뚜레쥬르 구미남통점,제과점영업,I,,,,,상수도전용,,N,2025-12-15 16:15:28,,,,,폐업,02,33.74,,03,,,제과점영업,,,0544421900,318598.641710728    ,292870.007138728    ,경상북도 구미시 남통동 24-3 1층 ,,2010-07-28 15:08:37
5080000,5080000-121-2010-00018,2010-08-05,영업/정상,,80.70,730-050,39301,파리바게뜨남통점,제과점영업,I,,,,,상수도전용,,N,2025-12-15 16:15:28,"경상북도 구미시 원남로 6, 1층 (남통동)",,,,영업,01,80.7,,01,,,제과점영업,,,0544585582,318931.200982201    ,293040.803711413    ,경상북도 구미시 남통동 362-1 1층 ,,2020-11-16 16:26:12
5080000,5080000-121-2010-00019,2010-08-13,폐업,2016-03-11,168.99,730-824,39185,자연드림옥계점,제과점영업,I,,,,,상수도전용,,N,2025-12-15 16:15:28,"경상북도 구미시 옥계북로 16 (옥계동,1층)",,,,폐업,02,168.99,,03,,,제과점영업,,,,327675.679498467    ,294017.792084822    ,경상북도 구미시 옥계동 832-2 1층 ,,2015-04-09 10:45:14
5080000,5080000-121-2010-00020,2010-08-20,폐업,2015-05-08,41.27,730-130,39337,더블베이커리,제과점영업,I,,,,,상수도전용,,N,2025-12-15 16:15:28,"경상북도 구미시 상사동로8길 4 (임은동,1층)",,,,폐업,02,41.27,,03,,,제과점영업,,,0544658253,,,경상북도 구미시 임은동 439 1층 ,,2010-11-22 12:49:16
5080000,5080000-121-2010-00021,2010-09-14,폐업,2012-08-13,31.82,730-812,,빵마을,제과점영업,I,,,,,,,N,2025-12-15 16:15:28,,,,,폐업,02,31.82,,03,,,제과점영업,,,0544429925,,,경상북도 구미시 고아읍 문성리 0 문성지구 1B1L 경남아너스빌상가 102호 ,,2010-10-01 09:52:49
5080000,5080000-121-2010-00022,2010-10-12,폐업,2020-09-04,151.38,730-824,,빚은최권수베이커리옥계점,제과점영업,I,,,,,상수도전용,,N,2025-12-15 16:15:28,"경상북도 구미시 옥계북로 6 (옥계동,1층)",,,,폐업,02,151.38,,03,,,제과점영업,,,,327580.756293564    ,294026.399058023    ,경상북도 구미시 옥계동 831-2 1층 ,,2020-09-04 11:24:48
5080000,5080000-121-2010-00023,2010-10-13,영업/정상,,57.50,730-908,39196,파리바게뜨구미도량점,제과점영업,I,,,,,상수도전용,,N,2025-12-15 16:15:28,"경상북도 구미시 송동로 122, 4주공아파트 상가동 1층 105,106,107호 (도량동)",,,,영업,01,57.5,,01,,,제과점영업,,,0544588285,318974.137894984    ,294455.081848697    ,"경상북도 구미시 도량동 114-2 4주공아파트 1층 105,106,107호 상가동 ",,2020-11-10 09:51:58
5080000,5080000-121-2010-00024,2010-10-13,폐업,2012-09-03,1.35,730-904,39375,디씨식자재할인마트내 제과점,제과점영업,I,,,,,상수도전용,,N,2025-12-15 16:15:28,"경상북도 구미시 산호대로 187 (공단동,낙동상가 101호)",,,,폐업,02,1.35,,03,,,제과점영업,,,,,,경상북도 구미시 공단동 262 낙동상가 101호 ,,2010-10-13 15:43:05
5080000,5080000-121-2010-00025,2010-10-21,폐업,2023-12-05,58.80,730-120,39340,빚은구미상모점,제과점영업,I,,,,,상수도전용,,N,2025-12-15 16:15:28,"경상북도 구미시 상사서로 69 (상모동,1층)",,,,폐업,02,58.8,,03,,,제과점영업,,,0544653636,321967.113895189    ,288421.48501877     ,경상북도 구미시 상모동 29-6 1층 ,,2023-12-05 17:39:24
5080000,5080000-121-2010-00026,2010-11-11,영업/정상,,79.30,730-809,39210,빚은봉곡점,제과점영업,I,,,,,상수도전용,,N,2025-12-15 16:15:28,"경상북도 구미시 봉곡로 104, 1층 (봉곡동)",,,,영업,01,79.3,,01,,,제과점영업,,,0544426788,317885.718573255    ,294939.503024583    ,경상북도 구미시 봉곡동 378-9 1층 ,,2018-04-09 08:17:30
5080000,5080000-121-2010-00027,2010-11-12,폐업,2011-11-23,28.61,730-819,,애플옥계점,제과점영업,I,,,,,상수도전용,,N,2025-12-15 16:15:28,,,,,폐업,02,28.61,,03,,,제과점영업,,,0544743305,,,경상북도 구미시 옥계동 555 외2필지 1층 ,,2010-11-30 14:24:06
5080000,5080000-121-2010-00028,2010-11-22,폐업,2014-11-26,11.80,730-824,,마드렌과자점,제과점영업,I,,,,,상수도전용,,N,2025-12-15 16:15:28,"경상북도 구미시 옥계북로 30, 1층 (옥계동)",,,,폐업,02,11.8,,03,,,제과점영업,,,,327816.293417966    ,294000.514564126    ,경상북도 구미시 옥계동 833-3 1층 ,,2013-02-04 15:49:55
5080000,5080000-121-2010-00029,2010-12-21,영업/정상,,103.56,730-926,39292,파리바게뜨 형곡우방점,제과점영업,I,,,,,상수도전용,,N,2025-12-15 16:15:28,"경상북도 구미시 형곡로14길 4 (형곡동,1층)",,,,영업,01,103.56,,01,,,제과점영업,,,0544558228,319865.908737625    ,291228.29228865     ,경상북도 구미시 형곡동 137-6 1층 ,,2021-05-10 15:46:22
5080000,5080000-121-2010-00030,2010-10-26,폐업,2022-08-19,51.90,730-130,39353,김상하케잌베이커리,제과점영업,I,,,,,상수도전용,,N,2025-12-15 16:15:28,"경상북도 구미시 왕산로 28-10, 301동 110호 (임은동, 삼도뷰엔빌상가)",,,,폐업,02,51.9,,03,,,제과점영업,,,0544640036,,,경상북도 구미시 임은동 822 삼도뷰엔빌상가 301동 110호 ,,2022-08-19 14:56:49
5080000,5080000-121-2010-00031,2010-07-21,영업/정상,,72.40,730-804,39115,빵짱좋은빵만들기,제과점영업,I,,,,,상수도전용,,N,2025-12-15 16:15:28,"경상북도 구미시 선산읍 동교길 24, 주1동 1층",,,,영업,01,72.4,,01,,,제과점영업,,,0547157009,,,경상북도 구미시 선산읍 동부리 784 1층 주1동 ,,2021-11-22 11:53:58
5080000,5080000-121-2011-00001,2011-01-10,폐업,2014-11-03,25.68,730-824,39185,브리첼제과점,제과점영업,I,,,,,상수도전용,,N,2025-12-15 16:15:28,"경상북도 구미시 옥계북로 28 (옥계동,1층)",,,,폐업,02,25.68,,03,,,제과점영업,,,,327789.98457712     ,294003.75026057     ,경상북도 구미시 옥계동 833-2 1층 ,,2011-05-11 17:51:03
5080000,5080000-121-2011-00002,2011-02-18,폐업,2014-09-19,23.16,730-809,39207,베이커리 몽마,제과점영업,I,,,,,상수도전용,,N,2025-12-15 16:15:28,"경상북도 구미시 봉곡로 120 (봉곡동,파워마트내)",,,,폐업,02,23.16,,03,,,제과점영업,,,0544433232,317893.40295264     ,295083.773302829    ,경상북도 구미시 봉곡동 303-1 파워마트내 ,,2011-02-18 15:18:03
5080000,5080000-121-2011-00003,2011-03-02,폐업,2013-03-12,35.26,730-142,,애플제과점오태점,제과점영업,I,,,,,상수도전용,,N,2025-12-15 16:15:28,,,,,폐업,02,35.26,,03,,,제과점영업,,,0542753582,321661.133938065    ,286428.044404714    ,경상북도 구미시 오태동 753-4 대동3차 상가동 103호 ,,2011-03-02 16:08:58
5080000,5080000-121-2011-00004,2011-03-03,폐업,2013-12-02,24.42,730-927,,따삐오,제과점영업,I,,,,,상수도전용,,N,2025-12-15 16:15:28,"경상북도 구미시 형곡중앙로 55 (형곡동,외2필지 gs슈퍼마켓 내)",,,,폐업,02,24.42,,03,,,제과점영업,,,0544520100,320398.906692341    ,291000.763134341    ,경상북도 구미시 형곡동 145-17 외2필지 gs슈퍼마켓 내 ,,2013-04-02 14:07:07
5080000,5080000-121-2011-00005,2011-04-21,영업/정상,,132.21,730-320,39432,파리바게트구미인동점,제과점영업,I,,,,,상수도전용,,N,2025-12-15 16:15:28,"경상북도 구미시 인동중앙로 32, 1층 (인의동)",,,,영업,01,132.21,,01,,,제과점영업,,,0544718280,327988.01982179     ,290612.143046093    ,경상북도 구미시 인의동 367-26 1층 ,,2023-11-03 11:08:58
5080000,5080000-121-2011-00006,2011-04-21,폐업,2011-06-01,24.00,730-933,,파리바게트구미인동점,제과점영업,I,,,,,상수도전용,,N,2025-12-15 16:15:28,,,,,폐업,02,24,,03,,,제과점영업,,,0544718280,327906.150756997    ,290591.289553871    ,경상북도 구미시 황상동 633-30 외3필지 지하 ,,2011-05-30 10:06:30
5080000,5080000-121-2011-00007,2011-04-21,영업/정상,,56.76,730-912,39282,파리바게뜨구미듀클라스점,제과점영업,I,,,,,,,N,2025-12-15 16:15:28,"경상북도 구미시 백산로 64 (송정동,1층 101호)",,,,영업,01,56.76,,01,,,제과점영업,,,0544528153,320595.657042573    ,292024.335338864    ,경상북도 구미시 송정동 10-1 1층 101호 ,,2013-07-08 11:35:27
5080000,5080000-121-2011-00008,2011-05-20,폐업,2018-02-19,76.11,730-932,39430,단하나케이크구미점,제과점영업,I,,,,,상수도전용,,N,2025-12-15 16:15:28,"경상북도 구미시 인동중앙로 45 (황상동,2층)",,,,폐업,02,76.11,,03,,,제과점영업,,,0544748225,328005.843475264    ,290760.368812982    ,경상북도 구미시 황상동 276-16 2층 ,,2018-02-19 09:56:59
5080000,5080000-121-2011-00009,2011-07-11,폐업,2012-08-17,17.43,730-823,39186,쭌스고로케,제과점영업,I,,,,,상수도전용,,N,2025-12-15 16:15:28,경상북도 구미시 산호대로25길 24 (옥계동),,,,폐업,02,17.43,,03,,,제과점영업,,,,327419.103990596    ,294102.408540217    ,경상북도 구미시 옥계동 631-1 ,,2011-07-11 15:42:19
5080000,5080000-121-2011-00010,2011-08-29,폐업,2012-05-14,89.34,730-912,39282,코코호도구미송정점,제과점영업,I,,,,,상수도전용,,N,2025-12-15 16:15:28,"경상북도 구미시 백산로 68-1 (송정동,1층)",,,,폐업,02,89.34,,03,,,제과점영업,,,,320637.132073058    ,291994.51112452     ,경상북도 구미시 송정동 10-4 1층 ,,2011-08-29 10:35:52
5080000,5080000-121-2011-00011,2011-09-02,폐업,2017-02-22,41.54,730-802,39129,따삐오베이커리구미선산점,제과점영업,I,,,,,상수도전용,,N,2025-12-15 16:15:28,경상북도 구미시 선산읍 선산중앙로 40 (1층),,,,폐업,02,41.54,,03,,,제과점영업,,,,316482.358122096    ,305248.309956561    ,경상북도 구미시 선산읍 이문리 97-1 1층 ,,2011-10-26 08:53:45
5080000,5080000-121-2011-00012,2011-11-15,폐업,2012-09-17,75.10,730-400,39421,쁘띠르뱅,제과점영업,I,,,,,,,N,2025-12-15 16:15:28,경상북도 구미시 옥계2공단로 264-5 (구포동),,,,폐업,02,75.1,,03,,,제과점영업,,,0544733477,327443.773179836    ,292999.461883104    ,경상북도 구미시 구포동 678-1 ,,2011-11-15 16:04:22
5080000,5080000-121-2011-00013,2011-12-01,폐업,2012-11-20,28.61,730-819,39179,애플옥계점,제과점영업,I,,,,,상수도전용,,N,2025-12-15 16:15:28,"경상북도 구미시 흥안로 22, 1층 (옥계동)",,,,폐업,02,28.61,,03,,,제과점영업,,,0544743305,,,경상북도 구미시 옥계동 555 외2필지 1층 ,,2011-12-01 10:38:22
5080000,5080000-121-2011-00014,2011-12-05,폐업,2014-12-15,21.30,730-130,39352,고흐베이커리,제과점영업,I,,,,,,,N,2025-12-15 16:15:28,"경상북도 구미시 임은길 18, 1층 (임은동)",,,,폐업,02,21.3,,03,,,제과점영업,,,0544630425,,,경상북도 구미시 임은동 326 1층 ,,2015-03-03 09:29:21
5080000,5080000-121-2011-00015,2011-12-14,영업/정상,,138.92,730-350,39393,(주)신세계푸드베이커리동구미점,제과점영업,I,,,,,,,N,2025-12-15 16:15:28,"경상북도 구미시 이계북로 23 (임수동, 이마트동구미점 1층)",,,,영업,01,138.92,,01,,,제과점영업,,,0544766986,326413.552127775    ,290452.303117835    ,경상북도 구미시 임수동 92-28 이마트동구미점 1층 ,,2025-04-10 14:22:27
5080000,5080000-121-2012-00001,2012-01-17,폐업,2017-03-24,21.78,730-320,39428,지니케익,제과점영업,I,,,,,상수도전용,,N,2025-12-15 16:15:28,"경상북도 구미시 수출대로29길 14-2, 1층 (인의동)",,,,폐업,02,21.78,,03,,,제과점영업,,,0544719669,,,경상북도 구미시 인의동 826 1층 ,,2017-03-24 17:27:01
5080000,5080000-121-2012-00002,2012-02-21,영업/정상,,91.20,730-812,39146,서정광과자점,제과점영업,I,,,,,상수도전용,,N,2025-12-15 16:15:28,"경상북도 구미시 고아읍 들성로 257, 1층",,,,영업,01,91.2,,01,,,제과점영업,,,0544611208,,,경상북도 구미시 고아읍 문성리 1285 1층 ,,2017-03-13 15:41:37
5080000,5080000-121-2012-00003,2012-03-09,폐업,2020-03-25,181.36,730-804,39125,카페수,제과점영업,I,,,,,,,N,2025-12-15 16:15:28,"경상북도 구미시 선산읍 남문로3길 2, 1층",,,,폐업,02,181.36,,03,,,제과점영업,,,0544827787,,,경상북도 구미시 선산읍 완전리 222 외 1필지 1층 ,,2020-03-25 13:25:34
5080000,5080000-121-2012-00004,2012-03-29,폐업,2014-06-09,68.21,730-904,39375,좋은아침베이커리,제과점영업,I,,,,,상수도전용,,N,2025-12-15 16:15:28,"경상북도 구미시 산호대로 199 (공단동,1층)",,,,폐업,02,68.21,,03,,,제과점영업,,,,,,경상북도 구미시 공단동 263 1층 ,,2012-04-05 14:14:24
5080000,5080000-121-2012-00005,2012-04-04,폐업,2022-05-24,11.70,730-320,39428,홈플러스베이커리(주)구미인의점,제과점영업,I,,,,,상수도전용,,N,2025-12-15 16:15:28,"경상북도 구미시 수출대로31길 76, 지하1층 (인의동)",,,,폐업,02,11.7,,03,,,제과점영업,,,0544768542,328373.240816513    ,291647.527019947    ,경상북도 구미시 인의동 814-6 외4필지 지하1층 ,,2022-05-24 16:35:01
5080000,5080000-121-2012-00006,2012-05-29,폐업,2012-10-02,43.84,730-360,39399,도우모베이커리,제과점영업,I,,,,,상수도전용,,N,2025-12-15 16:15:28,"경상북도 구미시 인동16길 48-4, 1층 (진평동)",,,,폐업,02,43.84,,03,,,제과점영업,,,0544755568,327921.044014279    ,289522.739726183    ,경상북도 구미시 진평동 40-8 외 1필지 1층 ,,2012-07-12 10:32:07
5080000,5080000-121-2013-00001,2013-02-21,폐업,2018-04-16,45.66,730-824,39181,코코호도옥계점,제과점영업,I,,,,,,,N,2025-12-15 16:15:28,"경상북도 구미시 옥계북로 17, 1층 (옥계동)",,,,폐업,02,45.66,,03,,,제과점영업,,,0544753673,327693.466419828    ,294060.054182358    ,경상북도 구미시 옥계동 891-4 1층 ,,2018-04-16 17:22:55
5080000,5080000-121-2013-00002,2013-04-17,폐업,2016-04-18,32.16,730-804,39126,선산베이커리,제과점영업,I,,,,,상수도전용,,N,2025-12-15 16:15:28,"경상북도 구미시 선산읍 선산대로 1395, 1층 (선산할인마트 가동)",,,,폐업,02,32.16,,03,,,제과점영업,,,,,,경상북도 구미시 선산읍 동부리 307 외 4필지 선산할인마트 가동 1층 ,,2013-04-19 11:58:54
5080000,5080000-121-2013-00003,2013-04-30,영업/정상,,62.88,730-824,39185,더프렌치옥계점,제과점영업,I,,,,,상수도전용,,N,2025-12-15 16:15:28,"경상북도 구미시 산호대로29길 19-12, 1동 1층 (옥계동)",,,,영업,01,62.88,,01,,,제과점영업,,,0544745006,327650.645468331    ,294020.86684007     ,경상북도 구미시 옥계동 832-1 1층 1동 ,,2017-05-24 16:10:20
5080000,5080000-121-2013-00004,2013-05-09,폐업,2017-05-19,39.06,730-050,,빅베이커리,제과점영업,I,,,,,,,N,2025-12-15 16:15:28,"경상북도 구미시 원남로2길 21, 1층 (남통동, 외8필지)",,,,폐업,02,39.06,,03,,,제과점영업,,,,,,경상북도 구미시 남통동 23-42 외8필지 1층 ,,2017-05-19 17:21:27
5080000,5080000-121-2013-00005,2013-07-11,폐업,2016-07-04,86.77,730-120,39335,호미브레드상모점,제과점영업,I,,,,,상수도전용,,N,2025-12-15 16:15:28,"경상북도 구미시 상모로 55, 1층 104호 (상모동)",,,,폐업,02,86.77,,03,,,제과점영업,,,0544659755,322050.687974043    ,288581.258667978    ,경상북도 구미시 상모동 47-5 1층 104호 ,,2014-12-10 16:38:55
5080000,5080000-121-2013-00006,2013-09-02,영업/정상,,7.92,730-080,39347,몽블랑제홈플러스구미점행사매대1,제과점영업,I,,,,,상수도전용,,N,2025-12-15 16:15:28,"경상북도 구미시 구미대로 174, 지하1층 (광평동, 홈플러스구미점)",,,,영업,01,7.92,,01,,,제과점영업,,,07075137903,322735.286027559    ,290001.107358242    ,경상북도 구미시 광평동 792-21 지하1층 ,,2024-02-21 11:04:29
5080000,5080000-121-2013-00007,2013-09-02,영업/정상,,7.92,730-080,39347,몽블랑제홈플러스구미점행사매대2,제과점영업,I,,,,,상수도전용,,N,2025-12-15 16:15:28,"경상북도 구미시 구미대로 174, 지하1층 (광평동, 홈플러스구미점)",,,,영업,01,7.92,,01,,,제과점영업,,,07075137903,322735.286027559    ,290001.107358242    ,경상북도 구미시 광평동 792-21 지하1층 ,,2024-02-21 10:56:18
5080000,5080000-121-2013-00008,2013-09-06,폐업,2016-06-16,35.70,730-400,39421,케이엠베이커리,제과점영업,I,,,,,상수도전용,,N,2025-12-15 16:15:28,"경상북도 구미시 옥계2공단로 264-7, 1층 (구포동)",,,,폐업,02,35.7,,03,,,제과점영업,,,,327469.15722487     ,292987.251326083    ,경상북도 구미시 구포동 684-1 1층 ,,2015-04-10 14:54:33
5080000,5080000-121-2014-00001,2014-04-02,폐업,2014-10-10,31.29,730-927,,쥬벨베이커리,제과점영업,I,,,,,상수도전용,,N,2025-12-15 16:15:28,"경상북도 구미시 형곡중앙로 55, 1층 (형곡동)",,,,폐업,02,31.29,,03,,,제과점영업,,,,320398.906692341    ,291000.763134341    ,경상북도 구미시 형곡동 145-17 외2필지 1층 ,,2014-04-08 17:55:45
5080000,5080000-121-2014-00002,2014-05-08,폐업,2016-07-27,2.12,730-917,39255,주식회사롯데브랑제리,제과점영업,I,,,,,,,N,2025-12-15 16:15:28,"경상북도 구미시 구미대로22길 11, 1층 (신평동, 롯데마트)",,,,폐업,02,2.12,,03,,,제과점영업,,,,,,경상북도 구미시 신평동 465 롯데마트 1층 ,,2016-07-27 16:28:29
5080000,5080000-121-2014-00003,2014-05-23,폐업,2016-04-25,33.54,730-929,39319,반월당고로케구미형곡점,제과점영업,I,,,,,상수도전용,,N,2025-12-15 16:15:28,"경상북도 구미시 형곡로 166, 1층 (형곡동)",,,,폐업,02,33.54,,03,,,제과점영업,,,0544557127,320057.014600096    ,290447.136182309    ,경상북도 구미시 형곡동 304-1 1층 ,,2014-05-30 11:01:36
5080000,5080000-121-2014-00004,2014-06-09,폐업,2021-08-02,32.07,730-817,39150,하나로베이커리,제과점영업,I,,,,,상수도전용,,N,2025-12-15 16:15:28,"경상북도 구미시 고아읍 문장로 211, 1동 1층 (고아농협하나로클럽)",,,,폐업,02,32.07,,03,,,제과점영업,,,0544580085,319550.140898831    ,295441.705724767    ,경상북도 구미시 고아읍 원호리 428-1 외4필지 고아농협하나로클럽 1동 1층 ,,2021-08-02 13:01:51
5080000,5080000-121-2014-00005,2014-07-07,폐업,2016-04-08,41.20,730-915,39322,에뚜왈제과점,제과점영업,I,,,,,상수도전용,,N,2025-12-15 16:15:28,"경상북도 구미시 신시로10길 55-1, 1층 (송정동)",,,,폐업,02,41.2,,03,,,제과점영업,,,0544447107,321018.715822384    ,291493.853060899    ,경상북도 구미시 송정동 478-12 1층 ,,2014-07-10 17:22:35
5080000,5080000-121-2014-00006,2014-08-22,폐업,2019-09-06,73.30,730-360,39410,최연지케익스토리더커피,제과점영업,I,,,,,상수도전용,,N,2025-12-15 16:15:28,"경상북도 구미시 인동28길 61-9, 2층 (진평동)",,,,폐업,02,73.3,,03,,,제과점영업,,,0544742530,328305.013735086    ,288817.270548692    ,경상북도 구미시 진평동 1061-5 2층 ,,2019-09-06 12:00:41
5080000,5080000-121-2014-00007,2014-09-19,폐업,2015-11-25,39.30,730-809,39207,빵이야기,제과점영업,I,,,,,상수도전용,,N,2025-12-15 16:15:28,"경상북도 구미시 봉곡로 120, 1층 (봉곡동)",,,,폐업,02,39.3,,03,,,제과점영업,,,,317893.40295264     ,295083.773302829    ,경상북도 구미시 봉곡동 303-1 외1필지 1층 ,,2014-10-01 08:30:06
5080000,5080000-121-2014-00008,2014-09-30,폐업,2020-02-27,67.60,730-932,39431,미스터우베이커리,제과점영업,I,,,,,상수도전용,,N,2025-12-15 16:15:28,"경상북도 구미시 인동중앙로3길 29, 104호 (황상동, 영무메트로)",,,,폐업,02,67.6,,03,,,제과점영업,,,0544718979,327649.227535413    ,290716.785210593    ,경상북도 구미시 황상동 305-2 영무메트로 104호 ,,2020-02-27 09:08:17
5080000,5080000-121-2014-00009,2014-11-18,폐업,2015-03-05,19.70,730-823,,에스뜨레샤,제과점영업,I,,,,,상수도(음용)지하수(주방용)겸용,,N,2025-12-15 16:15:28,"경상북도 구미시 산호대로23길 지하 13, 지하1층 (옥계동, D동)",,,,폐업,02,19.7,,03,,,제과점영업,,,,327196.499281716    ,294129.489608367    ,경상북도 구미시 옥계동 610-1 ,,2014-11-28 09:05:07
5080000,5080000-121-2014-00010,2014-11-20,폐업,2019-12-17,127.80,730-927,39294,뚜레쥬르구미형곡점,제과점영업,I,,,,,상수도전용,,N,2025-12-15 16:15:28,"경상북도 구미시 신시로7길 12-5, 105호 (형곡동, 형곡오딧세이아파트 상가)",,,,폐업,02,127.8,,03,,,제과점영업,,,0544516644,320376.696906856    ,291170.254799505    ,경상북도 구미시 형곡동 143-5 외2필지 형곡오딧세이아파트 상가 105호 ,,2019-12-17 11:08:41
5080000,5080000-121-2015-00001,2015-01-05,폐업,2021-12-20,32.50,730-300,39449,쥬벨베이커리,제과점영업,I,,,,,상수도전용,,N,2025-12-15 16:15:28,"경상북도 구미시 인동36길 23-7, 1층 (구평동)",,,,폐업,02,32.5,,03,,,제과점영업,,,,328961.919318572    ,288972.250236987    ,경상북도 구미시 구평동 451-1 1층 ,,2021-12-20 09:30:14
5080000,5080000-121-2015-00002,2015-02-16,영업/정상,,158.40,730-807,39205,뚜레쥬르구미봉곡중앙,제과점영업,I,,,,,상수도전용,,N,2026-01-02 02:40:00,"경상북도 구미시 봉곡북로 65, 1층2층 (봉곡동)",,,,영업,01,158.4,,01,,,제과점영업,,,0544533000,317909.375705023    ,295657.198768815    ,경상북도 구미시 봉곡동 167-2 1층2층 ,,2025-12-31 17:03:18
5080000,5080000-121-2015-00003,2015-02-23,폐업,2022-03-10,57.60,730-320,39440,리고,제과점영업,I,,,,,상수도전용,,N,2025-12-15 16:15:28,"경상북도 구미시 인동31길 13-1, 1층 (인의동)",,,,폐업,02,57.6,,03,,,제과점영업,,,0546048321,328834.381352503    ,289333.53554749     ,경상북도 구미시 인의동 1001-4 1층 ,,2022-03-10 13:33:34
5080000,5080000-121-2015-00004,2015-03-23,폐업,2016-01-11,17.10,730-819,39179,미세스베이킹스튜디오,제과점영업,I,,,,,상수도전용,,N,2025-12-15 16:15:28,"경상북도 구미시 흥안로 48, 209동 103호 (옥계동, 옥계에덴아파트)",,,,폐업,02,17.1,,03,,,제과점영업,,,,,,경상북도 구미시 옥계동 543 옥계에덴아파트 209동 103호 ,,2015-04-06 20:15:11
5080000,5080000-121-2015-00005,2015-04-20,폐업,2017-02-14,105.20,730-927,39296,하루커피앤도넛,제과점영업,I,,,,,상수도전용,,N,2025-12-15 16:15:28,"경상북도 구미시 형곡동로 113, 1층 (형곡동)",,,,폐업,02,105.2,,03,,,제과점영업,,,0544552739,320205.732140697    ,291041.012596615    ,경상북도 구미시 형곡동 146-3 1층 ,,2016-12-22 10:46:01
5080000,5080000-121-2015-00006,2015-05-04,폐업,2019-07-10,45.20,730-300,39445,바이제인,제과점영업,I,,,,,상수도전용,,N,2025-12-15 16:15:28,"경상북도 구미시 인동54길 32-44, 1층 (구평동)",,,,폐업,02,45.2,,03,,,제과점영업,,,,,,경상북도 구미시 구평동 1061 1층 ,,2019-07-10 09:02:45
5080000,5080000-121-2015-00007,2015-05-18,영업/정상,,156.10,730-360,39408,빵굽는쉐프락,제과점영업,I,,,,,상수도전용,,N,2025-12-15 16:15:28,"경상북도 구미시 인동20길 5, 1층 (진평동)",,,,영업,01,156.1,,01,,,제과점영업,,,0544756688,328410.719306561    ,289523.707990442    ,경상북도 구미시 진평동 12-1 1층 ,,2018-05-24 14:21:26
5080000,5080000-121-2015-00008,2015-05-20,폐업,2017-03-20,28.50,730-932,39427,마녀의케이크,제과점영업,I,,,,,상수도전용,,N,2025-12-15 16:15:28,"경상북도 구미시 검성로 103-51, 상가동 101호 (황상동)",,,,폐업,02,28.5,,03,,,제과점영업,,,07075717288,328813.662433207    ,292036.43865222     ,경상북도 구미시 황상동 118-5 외2필지 상가동101호 ,,2016-12-22 10:49:14
5080000,5080000-121-2015-00009,2015-07-09,폐업,2023-11-14,27.80,730-824,39185,자연드림(주)쿱스토어대구구미옥계점,제과점영업,I,,,,,상수도전용,,N,2025-12-15 16:15:28,"경상북도 구미시 산호대로29길 19-12, 1동 1층 (옥계동)",,,,폐업,02,27.8,,03,,,제과점영업,,,0544716209,327650.645468331    ,294020.86684007     ,경상북도 구미시 옥계동 832-1 1동 1층 ,,2023-11-14 17:02:15
5080000,5080000-121-2015-00010,2015-07-16,폐업,2019-12-31,77.90,730-812,39146,빵굽는남자,제과점영업,I,,,,,상수도전용,,N,2025-12-15 16:15:28,"경상북도 구미시 고아읍 들성로7길 16, 1동 1층",,,,폐업,02,77.9,,03,,,제과점영업,,,0544570082,,,경상북도 구미시 고아읍 문성리 1134 1층 1동 ,,2019-12-31 09:49:31
5080000,5080000-121-2015-00011,2015-08-17,폐업,2016-06-30,36.20,730-909,39197,웰리치케익하우스,제과점영업,I,,,,,상수도전용,,N,2025-12-15 16:15:28,"경상북도 구미시 문장로 169 (도량동, 1층)",,,,폐업,02,36.2,,03,,,제과점영업,,,0544633377,319675.395361683    ,295009.311047822    ,경상북도 구미시 도량동 700-2 1층 ,,2015-09-02 08:47:22
5080000,5080000-121-2015-00012,2015-09-16,영업/정상,,58.90,730-904,39371,응,제과점영업,I,,,,,상수도전용,,N,2025-12-15 16:15:28,"경상북도 구미시 1공단로 197-3 (공단동, 파라디아상가 501동 102호)",,,,영업,01,58.9,,01,,,제과점영업,,,0544624392,,,경상북도 구미시 공단동 251 파라디아상가 501동 102호 ,,2022-08-11 10:44:33
5080000,5080000-121-2015-00013,2015-10-07,폐업,2016-12-27,125.80,730-300,39449,쉐프스스토리구평점,제과점영업,I,,,,,상수도전용,,N,2025-12-15 16:15:28,"경상북도 구미시 인동38길 5-1 (구평동, 1층)",,,,폐업,02,125.8,,03,,,제과점영업,,,0544760250,329002.921016692    ,289088.063834735    ,경상북도 구미시 구평동 447-2 1층 ,,2016-12-22 10:50:35
5080000,5080000-121-2015-00014,2015-10-13,폐업,2017-12-04,50.20,730-400,39421,브래드팡,제과점영업,I,,,,,상수도전용,,N,2025-12-15 16:15:28,"경상북도 구미시 해마루공원로 21 (구포동, 대백마트내 9동 901호)",,,,폐업,02,50.2,,03,,,제과점영업,,,,,,경상북도 구미시 구포동 1081 대백마트내 9동 901호 ,,2017-12-04 17:19:53
5080000,5080000-121-2015-00015,2015-11-03,폐업,2016-07-06,3.20,730-360,39406,쁘레스코진평점,제과점영업,I,,,,,상수도전용,,N,2025-12-15 16:15:28,"경상북도 구미시 인동26길 48 (진평동, 롯데슈퍼구미진평점내)",,,,폐업,02,3.2,,03,,,제과점영업,,,,328303.904770334    ,289058.155115245    ,경상북도 구미시 진평동 129-2 롯데슈퍼구미진평점내 ,,2015-11-13 09:10:11
5080000,5080000-121-2015-00016,2015-11-19,폐업,2017-06-30,27.30,730-300,39449,명랑시대쌀핫도그구미구평점,제과점영업,I,,,,,상수도전용,,N,2025-12-15 16:15:28,"경상북도 구미시 인동36길 15, 1층 102호 (구평동, 구평메디칼센터)",,,,폐업,02,27.3,,03,,,제과점영업,,,0544747389,328941.364784957    ,289024.123019568    ,경상북도 구미시 구평동 450-1 구평메디칼센터 102호,,2017-06-30 17:37:32
5080000,5080000-121-2015-00017,2015-11-20,폐업,2017-11-08,86.00,730-110,39330,정인국제빵인,제과점영업,I,,,,,상수도전용,,N,2025-12-15 16:15:28,"경상북도 구미시 상사서로 144, 1층 (사곡동)",,,,폐업,02,86,,03,,,제과점영업,,,,322057.116883757    ,289160.070743832    ,경상북도 구미시 사곡동 681-11 1층 ,,2017-11-08 10:49:13
5080000,5080000-121-2015-00018,2015-11-30,영업/정상,,40.80,730-320,39438,인비저블띵스,제과점영업,I,,,,,상수도전용,,N,2025-12-15 16:15:28,"경상북도 구미시 인동19길 36-1 (인의동, 구미청구하이츠 118동 1층 106호)",,,,영업,01,40.8,,01,,,제과점영업,,,0544758800,,,경상북도 구미시 인의동 652 구미청구하이츠 118동 1층 106호 ,,2016-12-22 10:53:32
5080000,5080000-121-2015-00019,2015-12-03,영업/정상,,26.40,730-927,39295,호밀호두,제과점영업,I,,,,,상수도전용,,N,2025-12-15 16:15:28,"경상북도 구미시 신시로10길 8, 1층 (형곡동)",,,,영업,01,26.4,,01,,,제과점영업,,,0544435152,320564.654690929    ,291275.296153101    ,경상북도 구미시 형곡동 854-1 1층 ,,2015-12-09 19:16:32
5080000,5080000-121-2015-00020,2015-12-14,영업/정상,,86.50,730-812,39146,파리바게뜨구미문성점,제과점영업,I,,,,,상수도전용,,N,2025-12-15 16:15:28,"경상북도 구미시 고아읍 들성로 211, 1층",,,,영업,01,86.5,,01,,,제과점영업,,,0544580059,,,경상북도 구미시 고아읍 문성리 1125 1층 ,,2016-01-11 08:19:57
5080000,5080000-121-2015-00021,2015-12-15,폐업,2025-02-12,58.20,730-807,39205,마마스베이커리,제과점영업,I,,,,,상수도전용,,N,2025-12-15 16:15:28,"경상북도 구미시 봉곡북로 85, 1층 (봉곡동)",,,,폐업,02,58.2,,03,,,제과점영업,,,0544435565,318115.563933151    ,295649.913406319    ,경상북도 구미시 봉곡동 169-9 1층 ,,2025-02-13 09:14:11
5080000,5080000-121-2015-00022,2015-10-23,영업/정상,,35.85,730-819,39179,블랑,제과점영업,I,,,,,상수도전용,,N,2025-12-15 16:15:28,"경상북도 구미시 흥안로 48, 옥계에덴아파트 209동 2층 203-1호 (옥계동)",,,,영업,01,35.85,,01,,,제과점영업,,,,,,경상북도 구미시 옥계동 543 옥계에덴아파트 2층 209동 203-1호,,2025-07-21 18:20:31
5080000,5080000-121-2016-00001,2016-01-18,폐업,2017-04-27,2.90,730-814,39145,웰리치케익하우스 DC식자재마트내,제과점영업,I,,,,,상수도전용,,N,2025-12-15 16:15:28,경상북도 구미시 고아읍 들성로 101-1 (DC식자재마트내),,,,폐업,02,2.9,,03,,,제과점영업,,,,,,경상북도 구미시 고아읍 원호리 229 DC식자재마트내 ,,2017-04-27 17:34:18
5080000,5080000-121-2016-00002,2016-01-18,폐업,2018-04-03,1.80,730-814,39148,웰리치케익하우스 에스에스마트내,제과점영업,I,,,,,상수도전용,,N,2025-12-15 16:15:28,"경상북도 구미시 고아읍 문장로22길 22, 지하1층 (에스에스마트내)",,,,폐업,02,1.8,,03,,,제과점영업,,,,,,경상북도 구미시 고아읍 원호리 455 지하1층 에스에스마트내 ,,2018-04-03 17:27:01
5080000,5080000-121-2016-00003,2016-02-03,영업/정상,,71.90,730-923,39225,파리바게뜨구미역점,제과점영업,I,,,,,상수도전용,,N,2025-12-15 16:15:28,"경상북도 구미시 구미중앙로 105, 1층 (원평동)",,,,영업,01,71.9,,01,,,제과점영업,,,0544565582,320013.40578687     ,292762.768314281    ,경상북도 구미시 원평동 371-9 1층 ,,2023-09-01 10:56:50
5080000,5080000-121-2016-00004,2016-03-21,폐업,2016-12-23,33.30,730-907,39195,꽃이피다,제과점영업,I,,,,,상수도전용,,N,2025-12-15 16:15:28,"경상북도 구미시 송동로 185, 1층 (도량동)",,,,폐업,02,33.3,,03,,,제과점영업,,,,319019.777910525    ,295067.425191541    ,경상북도 구미시 도량동 34-1 1층 ,,2016-04-06 07:38:56
5080000,5080000-121-2016-00005,2016-04-14,폐업,2017-10-26,15.60,730-080,39344,(주)에스피씨삼립 수라방 구미점,제과점영업,I,,,,,상수도전용,,N,2025-12-15 16:15:28,"경상북도 구미시 구미대로 256, 지하1층 (광평동)",,,,폐업,02,15.6,,03,,,제과점영업,,,,322824.51490748     ,290746.468249832    ,경상북도 구미시 광평동 65-1 지하1층 ,,2017-10-26 17:40:08
5080000,5080000-121-2016-00006,2016-04-21,폐업,2022-08-01,50.30,730-120,39342,늘솜과자점,제과점영업,I,,,,,상수도전용,,N,2025-12-15 16:15:28,"경상북도 구미시 박정희로 76-1, 1층 107호 (상모동, 구미상모한신휴플러스)",,,,폐업,02,50.3,,03,,,제과점영업,,,0546070220,,,경상북도 구미시 상모동 541 상모한신휴플러스 상가동 107호,,2022-08-01 08:53:03
5080000,5080000-121-2016-00007,2016-04-22,폐업,2019-01-28,34.10,730-809,39210,빵집밀봄,제과점영업,I,,,,,상수도전용,,N,2025-12-15 16:15:28,"경상북도 구미시 봉곡남로 128-1, 1층 107호 (봉곡동, 현대빌딩)",,,,폐업,02,34.1,,03,,,제과점영업,,,0544426784,318363.84713845     ,295255.312271241    ,경상북도 구미시 봉곡동 387-9 현대빌딩 1층 107호,,2019-01-28 09:36:11
5080000,5080000-121-2016-00008,2016-04-27,영업/정상,,70.50,730-908,39202,뚜레쥬르구미현진점,제과점영업,I,,,,,상수도전용,,N,2025-12-15 16:15:28,"경상북도 구미시 도봉로 76-61, 1층 107,108호 (도량동)",,,,영업,01,70.5,,01,,,제과점영업,,,0544529313,318379.738328777    ,294041.547882929    ,"경상북도 구미시 도량동 225-1 1층 107,108호 ",,2018-04-26 13:24:56
5080000,5080000-121-2016-00009,2016-05-03,영업/정상,,36.50,730-804,39126,하루밀,제과점영업,I,,,,,상수도전용,,N,2025-12-15 16:15:28,경상북도 구미시 선산읍 선산대로 1395,,,,영업,01,36.5,,01,,,제과점영업,,,0544817100,317026.529514219    ,305083.815185238    ,경상북도 구미시 선산읍 동부리 308-2 ,,2023-02-09 10:02:05
5080000,5080000-121-2016-00010,2016-05-19,폐업,2017-10-12,28.10,730-320,39437,빵굽는마을,제과점영업,I,,,,,상수도전용,,N,2025-12-15 16:15:28,"경상북도 구미시 인동19길 25 (인의동, 007마트 내)",,,,폐업,02,28.1,,03,,,제과점영업,,,,328583.801658213    ,289753.426267648    ,경상북도 구미시 인의동 667-7 007마트 내 ,,2017-10-12 17:49:04
5080000,5080000-121-2016-00011,2016-07-04,폐업,2018-09-05,50.10,730-120,39335,윤쓰베이커리,제과점영업,I,,,,,상수도전용,,N,2025-12-15 16:15:28,"경상북도 구미시 상모로 55, 1층 104호 (상모동)",,,,폐업,02,50.1,,03,,,제과점영업,,,0544628266,322050.687974043    ,288581.258667978    ,경상북도 구미시 상모동 47-5 1층 104호,,2018-09-05 17:26:30
5080000,5080000-121-2016-00012,2016-07-26,폐업,2018-11-19,36.20,730-909,39197,(주)예스마트,제과점영업,I,,,,,상수도전용,,N,2025-12-15 16:15:28,"경상북도 구미시 문장로 169, 1층 (도량동)",,,,폐업,02,36.2,,03,,,제과점영업,,,0544633376,319675.395361683    ,295009.311047822    ,경상북도 구미시 도량동 700-2 1층 ,,2018-11-20 14:15:45
5080000,5080000-121-2016-00013,2016-08-19,폐업,2019-05-03,38.30,730-916,39252,시루에피는꽃,제과점영업,I,,,,,상수도전용,,N,2025-12-15 16:15:28,"경상북도 구미시 신비로4길 18, 1층 (신평동)",,,,폐업,02,38.3,,03,,,제과점영업,,,07075286372,322765.694407191    ,292034.602692088    ,경상북도 구미시 신평동 169-9 1층 ,,2019-05-03 16:19:41
5080000,5080000-121-2016-00014,2016-08-22,폐업,2023-12-29,27.40,730-120,39335,지나케이크,제과점영업,I,,,,,상수도전용,,N,2025-12-15 16:15:28,"경상북도 구미시 상사서로 86-9, 1층 (상모동)",,,,폐업,02,27.4,,03,,,제과점영업,,,,322030.098982609    ,288646.964639927    ,경상북도 구미시 상모동 42-10 1층 ,,2023-12-29 09:39:57
5080000,5080000-121-2016-00015,2016-09-05,영업/정상,,27.30,730-921,39301,꼬망세,제과점영업,I,,,,,상수도전용,,N,2025-12-15 16:15:28,"경상북도 구미시 원남로 69, 1층 103호 (원평동)",,,,영업,01,27.3,,01,,,제과점영업,,,,319509.088797094    ,292782.211956236    ,경상북도 구미시 원평동 84-5 1층 103호,,2016-09-19 11:21:22
5080000,5080000-121-2016-00016,2016-09-12,폐업,2018-11-16,61.10,730-922,39301,파리바게트구미역사점,제과점영업,I,,,,,상수도전용,,N,2025-12-15 16:15:28,"경상북도 구미시 구미중앙로 76, 3층 (원평동)",,,,폐업,02,61.1,,03,,,제과점영업,,,07070927125,319791.670828281    ,292767.76066196     ,경상북도 구미시 원평동 1008-1 3층 ,,2018-11-16 13:56:12
5080000,5080000-121-2016-00017,2016-09-22,폐업,2017-05-22,63.50,730-908,39202,오규현과자점2호점,제과점영업,I,,,,,상수도전용,,N,2025-12-15 16:15:28,"경상북도 구미시 도봉로 76-53, 1층 101호 (도량동)",,,,폐업,02,63.5,,03,,,제과점영업,,,0544423380,318466.108527479    ,294021.401964259    ,경상북도 구미시 도량동 227-1 1층 101호,,2017-05-22 17:29:45
5080000,5080000-121-2016-00018,2016-09-29,폐업,2022-03-15,49.10,730-808,39207,나무이젤,제과점영업,I,,,,,상수도전용,,N,2025-12-15 16:15:28,"경상북도 구미시 봉곡로18길 29, 1층 (봉곡동)",,,,폐업,02,49.1,,03,,,제과점영업,,,0544551436,318160.686763551    ,295337.120721601    ,경상북도 구미시 봉곡동 227-6 1층 ,,2022-03-15 14:24:50
5080000,5080000-121-2016-00019,2016-09-29,폐업,2020-07-08,33.50,730-808,39207,나무이젤2호점,제과점영업,I,,,,,상수도전용,,N,2025-12-15 16:15:28,"경상북도 구미시 봉곡로22길 20, 1층 (봉곡동)",,,,폐업,02,33.5,,03,,,제과점영업,,,,318074.534853519    ,295569.761646305    ,경상북도 구미시 봉곡동 208-8 1층 ,,2020-07-08 09:26:20
5080000,5080000-121-2016-00020,2016-10-18,폐업,2017-07-28,38.10,730-824,39185,오규현과자점3호점,제과점영업,I,,,,,상수도전용,,N,2025-12-15 16:15:28,"경상북도 구미시 옥계북로 40, 103호 (옥계동)",,,,폐업,02,38.1,,03,,,제과점영업,,,0544757755,327905.247056587    ,293989.595962211    ,경상북도 구미시 옥계동 834-2 103호,,2017-07-28 17:33:17
5080000,5080000-121-2016-00021,2016-10-26,폐업,2022-12-05,40.30,730-142,39362,글로리베이커리,제과점영업,I,,,,,상수도전용,,N,2025-12-15 16:15:28,"경상북도 구미시 금오대로10길 27-11, 가동 (오태동)",,,,폐업,02,40.3,,03,,,제과점영업,,,0544648467,321663.148146881    ,286311.092628085    ,경상북도 구미시 오태동 755-9 가동 ,,2022-12-05 10:25:48
5080000,5080000-121-2016-00022,2016-11-04,영업/정상,,49.68,730-923,39225,케익타운,제과점영업,I,,,,,상수도전용,,N,2025-12-15 16:15:28,"경상북도 구미시 문화로 49-1, 1층 (원평동)",,,,영업,01,49.68,,01,,,제과점영업,,,0544520770,320257.858950561    ,292754.155435594    ,경상북도 구미시 원평동 339-2 1층 ,,2022-06-10 14:06:54
5080000,5080000-121-2016-00023,2016-11-11,폐업,2021-11-11,71.40,730-142,39362,엘리시안앤커피,제과점영업,I,,,,,상수도전용,,N,2025-12-15 16:15:28,경상북도 구미시 금오대로14길 11 (오태동),,,,폐업,02,71.4,,03,,,제과점영업,,,,321610.99004036     ,286472.344237106    ,경상북도 구미시 오태동 745-9 ,,2021-11-11 10:30:20
5080000,5080000-121-2016-00024,2016-11-28,폐업,2017-07-28,46.90,730-809,39210,오규현과자점4호점,제과점영업,I,,,,,상수도전용,,N,2025-12-15 16:15:28,"경상북도 구미시 봉곡남로18길 5-54, 1층 (봉곡동)",,,,폐업,02,46.9,,03,,,제과점영업,,,,318272.109844978    ,295129.183100214    ,경상북도 구미시 봉곡동 395-7 1층 ,,2017-07-28 17:33:59
5080000,5080000-121-2016-00025,2016-12-08,폐업,2020-07-16,167.90,730-922,39222,카페쿠미,제과점영업,I,,,,,상수도전용,,Y,2025-12-15 16:15:28,"경상북도 구미시 구미중앙로 80-2, 1,2층 (원평동)",,,,폐업,02,167.9,,03,,,제과점영업,,,0544519927,319766.648370882    ,292828.832795902    ,"경상북도 구미시 원평동 1008-15 1,2층 ",,2020-07-16 16:52:49
5080000,5080000-121-2016-00026,2016-12-12,폐업,2017-04-17,27.60,730-916,39220,대만황제대왕카스테라,제과점영업,I,,,,,상수도전용,,N,2025-12-15 16:15:28,경상북도 구미시 구미중앙로15길 16 (원평동),,,,폐업,02,27.6,,03,,,제과점영업,,,,319992.628058362    ,292908.020921321    ,경상북도 구미시 원평동 151-6 ,,2017-04-19 10:23:13
5080000,5080000-121-2016-00027,2016-12-22,폐업,2019-03-12,7.30,730-824,39185,나이스베이커리,제과점영업,I,,,,,상수도전용,,N,2025-12-15 16:15:28,"경상북도 구미시 옥계북로 28, 1층 (옥계동)",,,,폐업,02,7.3,,03,,,제과점영업,,,0544760700,327789.98457712     ,294003.75026057     ,경상북도 구미시 옥계동 833-2 1층 ,,2019-03-12 15:53:48
5080000,5080000-121-2016-00028,2016-12-26,폐업,2018-04-16,33.30,730-907,39195,꽃이피다,제과점영업,I,,,,,상수도전용,,N,2025-12-15 16:15:28,"경상북도 구미시 송동로 185, 1층 (도량동)",,,,폐업,02,33.3,,03,,,제과점영업,,,,319019.777910525    ,295067.425191541    ,경상북도 구미시 도량동 34-1 1층 ,,2018-04-16 17:21:03
5080000,5080000-121-2016-00029,2016-12-27,폐업,2021-02-04,125.80,730-300,39449,쉐프스토리구평점,제과점영업,I,,,,,상수도전용,,N,2025-12-15 16:15:28,"경상북도 구미시 인동38길 5-1 (구평동, 1층)",,,,폐업,02,125.8,,03,,,제과점영업,,,0544760250,329002.921016692    ,289088.063834735    ,경상북도 구미시 구평동 447-2 1층 ,,2021-02-04 09:09:48
5080000,5080000-121-2016-00030,2016-12-28,폐업,2021-12-10,35.00,730-916,39221,대만왕쑤쑤카스테라,제과점영업,I,,,,,상수도전용,,N,2025-12-15 16:15:28,"경상북도 구미시 구미중앙로11길 14, 1층 (원평동)",,,,폐업,02,35,,03,,,제과점영업,,,0544529888,319735.569222442    ,293017.060813046    ,경상북도 구미시 원평동 122-3 1층 ,,2021-12-10 17:36:52
5080000,5080000-121-2017-00001,2017-01-10,폐업,2017-12-18,11.40,730-180,39214,오규현과자점5호점,제과점영업,I,,,,,상수도전용,,N,2025-12-15 16:15:28,"경상북도 구미시 봉곡로 20, 1층 (선기동)",,,,폐업,02,11.4,,03,,,제과점영업,,,,317876.160314491    ,294026.188060535    ,경상북도 구미시 선기동 458-1 1층 ,,2017-12-18 17:34:55
5080000,5080000-121-2017-00002,2017-01-12,영업/정상,,55.10,730-050,39306,뺑드나뚜르,제과점영업,I,,,,,상수도전용,,N,2025-12-15 16:15:28,"경상북도 구미시 금오산로26길 4-45, 1층 (남통동)",,,,영업,01,55.1,,01,,,제과점영업,,,0544580025,319306.870608718    ,292400.213675532    ,경상북도 구미시 남통동 97-24 1층 ,,2021-04-15 09:45:34
5080000,5080000-121-2017-00003,2017-01-25,폐업,2020-02-11,29.10,730-929,39312,쁘띠르뽀미에롯데형곡점,제과점영업,I,,,,,상수도전용,,N,2025-12-15 16:15:28,"경상북도 구미시 형곡서로 74, 1층 (형곡동, 롯데슈퍼)",,,,폐업,02,29.1,,03,,,제과점영업,,,0544821255,,,경상북도 구미시 형곡동 252 롯데슈퍼 1층 ,,2020-02-11 13:46:53
5080000,5080000-121-2017-00004,2017-02-13,영업/정상,,37.30,730-110,39327,카페데니쉬,제과점영업,I,,,,,상수도전용,,N,2025-12-15 16:15:28,"경상북도 구미시 상사동로28길 9, 201동 1층 106호 (사곡동, 보성2차황실타운)",,,,영업,01,37.3,,01,,,제과점영업,,,0544621606,322417.375132816    ,289872.152245782    ,경상북도 구미시 사곡동 656-9 보성2차황실타운 1층 201동 106호,,2019-08-13 15:33:01
5080000,5080000-121-2017-00005,2017-03-03,폐업,2017-05-10,22.90,730-120,39338,대만왕슈슈카스테라상모점,제과점영업,I,,,,,상수도전용,,N,2025-12-15 16:15:28,"경상북도 구미시 상사서로4길 9, 102동 1층 5호 (상모동, 미성오딧세이)",,,,폐업,02,22.9,,03,,,제과점영업,,,0544649888,322090.641513301    ,288339.927403672    ,경상북도 구미시 상모동 58-3 미성오딧세이 1층 102동 5호,,2017-05-10 17:20:53
5080000,5080000-121-2017-00006,2017-03-07,폐업,2022-12-28,40.10,730-142,39363,정상현베이커리,제과점영업,I,,,,,상수도전용,,N,2025-12-15 16:15:28,"경상북도 구미시 금오대로2길 70, 1층 (오태동)",,,,폐업,02,40.1,,03,,,제과점영업,,,,321767.060916002    ,286192.468527793    ,경상북도 구미시 오태동 773-3 1층 ,,2022-12-28 16:23:03
5080000,5080000-121-2017-00007,2017-03-14,폐업,2019-08-19,44.00,730-941,39278,이토끼,제과점영업,I,,,,,상수도전용,,N,2025-12-15 16:15:28,"경상북도 구미시 신시로10길 125, 1층 103호 (송정동)",,,,폐업,02,44,,03,,,제과점영업,,,0546043156,321670.41621723     ,291265.816554721    ,경상북도 구미시 송정동 497-52 1층 103호,,2019-08-19 09:36:49
5080000,5080000-121-2017-00008,2017-04-17,폐업,2017-06-22,27.60,730-916,39220,오지상오사카치즈케이크,제과점영업,I,,,,,상수도전용,,N,2025-12-15 16:15:28,"경상북도 구미시 구미중앙로15길 16, 1층 (원평동)",,,,폐업,02,27.6,,03,,,제과점영업,,,,319992.628058362    ,292908.020921321    ,경상북도 구미시 원평동 151-6 1층 ,,2017-06-22 15:12:43
5080000,5080000-121-2017-00009,2017-04-18,영업/정상,,89.80,730-926,39291,14일,제과점영업,I,,,,,상수도전용,,N,2025-12-15 16:15:28,"경상북도 구미시 형곡로 17, 1층 (형곡동)",,,,영업,01,89.8,,01,,,제과점영업,,,,320328.678761845    ,291441.596908615    ,경상북도 구미시 형곡동 109-7 1층 ,,2021-11-22 11:57:03
5080000,5080000-121-2017-00010,2017-04-26,영업/정상,,53.10,730-320,39433,띠에르노인동점,제과점영업,I,,,,,상수도전용,,N,2025-12-15 16:15:28,"경상북도 구미시 여헌로 55, 1층 (인의동)",,,,영업,01,53.1,,01,,,제과점영업,,,,,,경상북도 구미시 인의동 485 1층 ,,2017-05-24 17:41:11
5080000,5080000-121-2017-00011,2017-05-10,폐업,2017-08-07,35.20,730-100,39246,빵야빵야,제과점영업,I,,,,,상수도전용,,N,2025-12-15 16:15:28,"경상북도 구미시 비산로3길 33-15, 2층 (비산동)",,,,폐업,02,35.2,,03,,,제과점영업,,,,,,경상북도 구미시 비산동 447 ,,2017-08-07 17:34:23
5080000,5080000-121-2017-00012,2017-05-31,폐업,2019-02-07,30.10,730-130,39337,빵굽는마을2호점,제과점영업,I,,,,,상수도전용,,N,2025-12-15 16:15:28,"경상북도 구미시 상사동로8길 4 (임은동, W할인마트 내)",,,,폐업,02,30.1,,03,,,제과점영업,,,,,,경상북도 구미시 임은동 439 W할인마트 내 ,,2019-02-07 10:28:12
5080000,5080000-121-2017-00013,2017-05-31,폐업,2019-02-07,37.90,730-807,39208,몽마베이커리,제과점영업,I,,,,,상수도전용,,N,2025-12-15 16:15:28,"경상북도 구미시 봉곡로21길 21 (봉곡동, 내고향식자재마트 내)",,,,폐업,02,37.9,,03,,,제과점영업,,,,317678.570536181    ,295568.34903513     ,경상북도 구미시 봉곡동 198-1 내고향식자재마트 내 ,,2019-02-07 10:27:31
5080000,5080000-121-2017-00014,2017-07-10,폐업,2023-09-18,97.80,730-824,39185,최권수쉐프의카페쿠미,제과점영업,I,,,,,상수도전용,,N,2025-12-15 16:15:28,"경상북도 구미시 산호대로29길 20-7, 1층 104호 (옥계동)",,,,폐업,02,97.8,,03,,,제과점영업,,,0544710123,327816.293417966    ,294000.514564126    ,경상북도 구미시 옥계동 833-3 1층 104호,,2023-09-18 09:26:11
5080000,5080000-121-2017-00015,2017-08-01,영업/정상,,47.60,730-030,39247,착한빵집,제과점영업,I,,,,,상수도전용,,N,2025-12-15 16:15:28,"경상북도 구미시 신비로 95, 강변파라디아 B동 104호 (공단동)",,,,영업,01,47.6,,01,,,제과점영업,,,0544612357,,,경상북도 구미시 공단동 759 강변파라디아 B동 104호,,2021-11-22 11:48:40
5080000,5080000-121-2017-00016,2017-08-14,폐업,2018-12-03,37.60,730-824,39185,심봉사도로케옥계점,제과점영업,I,,,,,상수도전용,,N,2025-12-15 16:15:28,"경상북도 구미시 옥계북로 40, 103호 (옥계동)",,,,폐업,02,37.6,,03,,,제과점영업,,,0544579019,327905.247056587    ,293989.595962211    ,경상북도 구미시 옥계동 834-2 1층 103호,,2018-12-03 15:47:15
5080000,5080000-121-2017-00017,2017-09-11,폐업,2018-11-29,57.10,730-927,39294,모넬로,제과점영업,I,,,,,상수도전용,,N,2025-12-15 16:15:28,"경상북도 구미시 신시로7길 27, 1층 (형곡동)",,,,폐업,02,57.1,,03,,,제과점영업,,,,320281.482640174    ,290973.013194049    ,경상북도 구미시 형곡동 145-3 1층 ,,2018-11-29 09:55:37
5080000,5080000-121-2017-00018,2017-09-26,영업/정상,,31.20,730-923,39225,식빵싸부,제과점영업,I,,,,,상수도전용,,N,2025-12-15 16:15:28,"경상북도 구미시 문화로 39-1, 1층 (원평동)",,,,영업,01,31.2,,01,,,제과점영업,,,,320160.988691336    ,292796.860461078    ,경상북도 구미시 원평동 306-5 1층 ,,2017-10-16 09:35:49
5080000,5080000-121-2017-00019,2017-09-26,폐업,2017-09-28,,730-300,39450,천사들의정원,제과점영업,I,,,,,,,N,2025-12-15 16:15:28,"경상북도 구미시 인동36길 55-8, 1층 (구평동)",,,,폐업,02,0,,03,,,제과점영업,,,0546047525,,,경상북도 구미시 구평동 677 1층 ,,2017-09-28 17:30:23
5080000,5080000-121-2017-00020,2017-10-16,영업/정상,,88.50,730-901,39247,뚜레쥬르구미신비로점,제과점영업,I,,,,,상수도전용,,N,2025-12-15 16:15:28,"경상북도 구미시 신비로 95, B동 1층 101호 (공단동)",,,,영업,01,88.5,,01,,,제과점영업,,,0544640079,,,경상북도 구미시 공단동 109 1층 B동 101호,,2018-02-08 17:11:02
5080000,5080000-121-2017-00021,2017-10-24,영업/정상,,2.20,730-350,39393,(주)신세계푸드베이커리동구미점2,제과점영업,I,,,,,상수도전용,,N,2025-12-15 16:15:28,"경상북도 구미시 이계북로 23, 1층 (임수동, 이마트동구미점)",,,,영업,01,2.2,,01,,,제과점영업,,,0544766986,326413.552127775    ,290452.303117835    ,경상북도 구미시 임수동 92-28 이마트동구미점 1층 ,,2025-04-10 14:18:57
5080000,5080000-121-2017-00022,2017-10-25,영업/정상,,99.30,730-320,39434,우리밀베이커리,제과점영업,I,,,,,상수도전용,,N,2025-12-15 16:15:28,"경상북도 구미시 수출대로 562, 1층 (인의동)",,,,영업,01,99.3,,01,,,제과점영업,,,0544725881,,,경상북도 구미시 인의동 330 1층 ,,2017-11-06 11:34:50
5080000,5080000-121-2017-00023,2017-11-10,폐업,2018-12-19,48.20,730-300,39449,심봉사도로케구평점,제과점영업,I,,,,,상수도전용,,N,2025-12-15 16:15:28,"경상북도 구미시 인동36길 21, 1층 103호 (구평동)",,,,폐업,02,48.2,,03,,,제과점영업,,,,328923.467271908    ,288972.211825274    ,경상북도 구미시 구평동 450-3 1층 103호,,2018-12-19 16:29:12
5080000,5080000-121-2017-00024,2017-11-28,폐업,2020-12-09,52.30,730-916,39220,퐁드깜빠뉴구미점,제과점영업,I,,,,,상수도전용,,N,2025-12-15 16:15:28,"경상북도 구미시 문화로 2, 1층 (원평동)",,,,폐업,02,52.3,,03,,,제과점영업,,,,319816.786992428    ,292936.522124278    ,경상북도 구미시 원평동 126-59 1층 ,,2020-12-09 09:44:46
5080000,5080000-121-2017-00025,2017-12-04,폐업,2023-01-26,50.20,730-400,39421,해마루빵집,제과점영업,I,,,,,상수도전용,,N,2025-12-15 16:15:28,"경상북도 구미시 해마루공원로 21, 9동 2층 901호 (구포동)",,,,폐업,02,50.2,,03,,,제과점영업,,,,,,경상북도 구미시 구포동 1079 2층 9동 901호,,2023-01-26 09:01:28
5080000,5080000-121-2017-00026,2017-12-04,폐업,2019-09-19,75.20,730-824,39185,식빵하우스,제과점영업,I,,,,,상수도전용,,N,2025-12-15 16:15:28,"경상북도 구미시 옥계북로 40, 1층 104호 (옥계동)",,,,폐업,02,75.2,,03,,,제과점영업,,,0544718311,327905.247056587    ,293989.595962211    ,경상북도 구미시 옥계동 834-2 1층 104호,,2019-09-19 13:32:56
5080000,5080000-121-2017-00027,2017-12-15,폐업,2022-05-23,5.20,730-808,39207,주식회사쿱스토어대구구미봉곡점,제과점영업,I,,,,,상수도전용,,N,2025-12-15 16:15:28,"경상북도 구미시 봉곡로 162, 1층 (봉곡동)",,,,폐업,02,5.2,,03,,,제과점영업,,,0544516285,317905.281538141    ,295526.261280691    ,경상북도 구미시 봉곡동 204-7 1층 ,,2022-05-23 13:45:58
5080000,5080000-121-2017-00028,2017-12-28,영업/정상,,11.40,730-180,39214,빵소리봉곡점,제과점영업,I,,,,,상수도전용,,N,2025-12-15 16:15:28,"경상북도 구미시 봉곡로 20, 1동 1층 (선기동)",,,,영업,01,11.4,,01,,,제과점영업,,,,317876.160314491    ,294026.188060535    ,경상북도 구미시 선기동 458-1 ,,2020-09-25 15:39:45
5080000,5080000-121-2018-00001,2018-01-04,영업/정상,,34.60,730-921,39302,스윗띵,제과점영업,I,,,,,상수도전용,,N,2025-12-15 16:15:28,"경상북도 구미시 원남로10길 10, 1층 (원평동)",,,,영업,01,34.6,,01,,,제과점영업,,,0546040107,319859.684580062    ,292622.904546214    ,경상북도 구미시 원평동 440-3 1층 ,,2019-08-13 15:23:28
5080000,5080000-121-2018-00002,2018-01-22,폐업,2021-12-08,12.80,730-360,39399,호두스토리,제과점영업,I,,,,,상수도전용,,N,2025-12-15 16:15:28,"경상북도 구미시 인동18길 22, 1층 (진평동)",,,,폐업,02,12.8,,03,,,제과점영업,,,,328167.61887733     ,289515.744387831    ,경상북도 구미시 진평동 32-2 ,,2021-12-08 15:15:19
5080000,5080000-121-2018-00003,2018-03-02,폐업,2019-03-04,41.90,730-300,39449,식빵스토리,제과점영업,I,,,,,상수도전용,,N,2025-12-15 16:15:28,"경상북도 구미시 인동38길 15-16, 1층 (구평동)",,,,폐업,02,41.9,,03,,,제과점영업,,,,329033.943045164    ,288927.134396997    ,경상북도 구미시 구평동 451-8 1층 ,,2019-03-04 17:12:53
5080000,5080000-121-2018-00004,2018-03-09,폐업,2021-04-01,52.30,730-300,39449,갓식빵구미인동점,제과점영업,I,,,,,상수도전용,,N,2025-12-15 16:15:28,"경상북도 구미시 인동38길 5-9, 1층 (구평동)",,,,폐업,02,52.3,,03,,,제과점영업,,,,329081.118017063    ,289060.431917495    ,경상북도 구미시 구평동 447-8 ,,2021-04-01 11:33:25
5080000,5080000-121-2018-00005,2018-03-16,폐업,2025-02-12,34.70,730-802,39129,선산베이커리,제과점영업,I,,,,,상수도전용,,N,2025-12-15 16:15:28,"경상북도 구미시 선산읍 선산중앙로 40, 1층",,,,폐업,02,34.7,,03,,,제과점영업,,,,316482.358122096    ,305248.309956561    ,경상북도 구미시 선산읍 이문리 97-1 1층 ,,2025-02-13 09:13:39
5080000,5080000-121-2018-00006,2018-03-28,폐업,2018-06-27,21.10,730-932,39430,2900수제식빵,제과점영업,I,,,,,상수도전용,,N,2025-12-15 16:15:28,"경상북도 구미시 인동중앙로 37, 1층 101호 (황상동)",,,,폐업,02,21.1,,03,,,제과점영업,,,,328004.587236334    ,290695.418118099    ,경상북도 구미시 황상동 280-9 1층 101호,,2018-06-27 17:35:05
5080000,5080000-121-2018-00007,2018-03-29,폐업,2020-02-11,121.80,730-300,39444,함께하다주식회사,제과점영업,I,,,,,상수도전용,,N,2025-12-15 16:15:28,"경상북도 구미시 인동60길 7, 1층 (구평동)",,,,폐업,02,121.8,,03,,,제과점영업,,,,,,경상북도 구미시 구평동 103 1층 ,,2020-02-11 15:39:32
5080000,5080000-121-2018-00008,2018-04-18,영업/정상,,97.20,,39464,파리바게뜨구미산동점,제과점영업,I,,,,,상수도전용,,N,2025-12-15 16:15:28,"경상북도 구미시 산동읍 신당2로 23, 골든프라자 1동 1층 102,103호",,,,영업,01,97.2,,01,,,제과점영업,,,0544711238,,,"경상북도 구미시 산동읍 신당리 1439 골든프라자 1층 102,103호 1동 ",,2020-04-14 15:51:14
5080000,5080000-121-2018-00009,2018-04-20,폐업,2025-02-12,65.80,730-110,39330,반달,제과점영업,I,,,,,상수도전용,,N,2025-12-15 16:15:28,"경상북도 구미시 상사동로 149-4, 1층 (사곡동)",,,,폐업,02,65.8,,03,,,제과점영업,,,0544642333,322286.387230097    ,289465.515914205    ,경상북도 구미시 사곡동 481-7 1층 ,,2025-02-13 09:13:02
5080000,5080000-121-2018-00010,2018-05-03,영업/정상,,77.60,730-907,39195,조이크로와상,제과점영업,I,,,,,상수도전용,,N,2025-12-15 16:15:28,"경상북도 구미시 송동로 177, 1층 (도량동)",,,,영업,01,77.6,,01,,,제과점영업,,,,,,경상북도 구미시 도량동 27 B동 ,,2018-06-01 07:51:05
5080000,5080000-121-2018-00011,2018-06-12,폐업,2018-06-28,,730-350,39393,밀크앤허니2,제과점영업,I,,,,,,,N,2025-12-15 16:15:28,"경상북도 구미시 이계북로 23, 이마트동구미점 (임수동)",,,,폐업,02,0,,03,,,제과점영업,,,0544766986,326413.552127775    ,290452.303117835    ,경상북도 구미시 임수동 92-28 이마트동구미점 ,,2018-07-04 13:45:53
5080000,5080000-121-2018-00012,2018-06-14,영업/정상,,161.40,730-812,39147,뚜레쥬르문성점,제과점영업,I,,,,,상수도전용,,Y,2025-12-15 16:15:28,"경상북도 구미시 고아읍 문성로 34, 서희스타힐스 상가124동 1,2층 107,205호",,,,영업,01,161.4,,01,,,제과점영업,,,0544416900,,,"경상북도 구미시 고아읍 문성리 0 도시개발구역 1블록 2로트 107,205호 상가124동 ",,2021-07-21 10:43:56
5080000,5080000-121-2018-00013,2018-07-02,폐업,2023-03-08,25.20,730-100,39246,제이투유,제과점영업,I,,,,,상수도전용,,N,2025-12-15 16:15:28,"경상북도 구미시 비산로1길 20, 1층 (비산동)",,,,폐업,02,25.2,,03,,,제과점영업,,,,323670.628625703    ,292094.173521604    ,경상북도 구미시 비산동 504-4 1층 ,,2023-03-08 09:42:06
5080000,5080000-121-2018-00014,2018-07-04,영업/정상,,26.20,,39460,조제케키,제과점영업,I,,,,,상수도전용,,N,2025-12-15 16:15:28,"경상북도 구미시 산동읍 신당4로 68-10, 2동 1층 101호",,,,영업,01,26.2,,01,,,제과점영업,,,,,,경상북도 구미시 산동읍 신당리 1790 1층 2동 101호,,2021-09-01 10:19:22
5080000,5080000-121-2018-00015,2018-07-19,영업/정상,,94.70,730-300,39446,다르마키친,제과점영업,I,,,,,상수도전용,,N,2025-12-15 16:15:28,"경상북도 구미시 인동50길 34, 1층 (구평동)",,,,영업,01,94.7,,01,,,제과점영업,,,,329832.692208992    ,288670.56311523     ,경상북도 구미시 구평동 467-13 1층 ,,2018-08-21 08:03:28
5080000,5080000-121-2018-00016,2018-07-30,폐업,2019-02-20,21.10,730-932,39430,2900수제식빵,제과점영업,I,,,,,상수도전용,,N,2025-12-15 16:15:28,"경상북도 구미시 인동중앙로 37, 1층 101호 (황상동)",,,,폐업,02,21.1,,03,,,제과점영업,,,,328004.587236334    ,290695.418118099    ,경상북도 구미시 황상동 280-9 1층 101호,,2019-02-20 13:18:01
5080000,5080000-121-2018-00017,2018-08-24,영업/정상,,22.10,730-912,39285,곽선호빵공방,제과점영업,I,,,,,상수도전용,,N,2025-12-15 16:15:28,"경상북도 구미시 백산로2길 39-1, 1층 (송정동)",,,,영업,01,22.1,,01,,,제과점영업,,,0544570445,320597.953190842    ,291682.52635503     ,경상북도 구미시 송정동 30-10 1층 ,,2021-11-22 11:54:53
5080000,5080000-121-2018-00018,2018-10-11,폐업,2023-02-22,32.70,730-812,39146,맘스방,제과점영업,I,,,,,상수도전용,,N,2025-12-15 16:15:28,"경상북도 구미시 고아읍 들성로7길 22-3, 경남아너스빌 상가동 1층 106호",,,,폐업,02,32.7,,03,,,제과점영업,,,0544411904,,,경상북도 구미시 고아읍 문성리 1098 경남아너스빌 1층 상가동 106호,,2023-02-22 11:35:28
5080000,5080000-121-2018-00019,2018-10-29,영업/정상,,37.70,730-915,39279,벙글다,제과점영업,I,,,,,상수도전용,,N,2025-12-15 16:15:28,"경상북도 구미시 송정대로 108, 한라하우젠트 상가동 1층 101호 (송정동)",,,,영업,01,37.7,,01,,,제과점영업,,,0546048989,,,경상북도 구미시 송정동 455 한라하우젠트 1층 상가동 101호,,2021-11-22 11:55:18
5080000,5080000-121-2018-00020,2018-11-26,영업/정상,,119.60,,39464,뚜레쥬르구미확장점,제과점영업,I,,,,,상수도전용,,N,2025-12-15 16:15:28,"경상북도 구미시 산동읍 신당1로 24, 1동 1층 116, 117호",,,,영업,01,119.6,,01,,,제과점영업,,,,,,"경상북도 구미시 산동읍 신당리 1458 1층 116, 117호 ",,2018-12-13 08:31:23
5080000,5080000-121-2018-00021,2018-12-05,폐업,2020-01-20,30.70,730-916,39222,2900수제식빵구미역점,제과점영업,I,,,,,상수도전용,,N,2025-12-15 16:15:28,"경상북도 구미시 구미중앙로 64, 1층 (원평동)",,,,폐업,02,30.7,,03,,,제과점영업,,,,319630.741219024    ,292910.206503786    ,경상북도 구미시 원평동 119-8 1층 ,,2020-01-20 15:23:27
5080000,5080000-121-2018-00022,2018-12-06,폐업,2022-05-12,164.20,730-812,39146,베이커리197,제과점영업,I,,,,,상수도전용,,N,2025-12-15 16:15:28,"경상북도 구미시 고아읍 들성로 197, 1층",,,,폐업,02,164.2,,03,,,제과점영업,,,0544541694,,,경상북도 구미시 고아읍 문성리 625 ,,2022-05-12 14:29:17
5080000,5080000-121-2018-00023,2018-12-12,영업/정상,,125.70,730-801,39113,카페다미,제과점영업,I,,,,,상수도전용,,N,2025-12-15 16:15:28,"경상북도 구미시 선산읍 동교5길 20, 1층",,,,영업,01,125.7,,01,,,제과점영업,,,0544821040,316928.463255256    ,306125.85653534     ,경상북도 구미시 선산읍 교리 1156-4 1층 ,,2021-11-22 11:54:20
5080000,5080000-121-2019-00001,2019-01-07,폐업,2020-11-06,28.20,730-380,39181,카롱상점,제과점영업,I,,,,,상수도전용,,N,2025-12-15 16:15:28,"경상북도 구미시 옥계신당로5길 21-15, 별하나아이둘 1층 101호 (옥계동)",,,,폐업,02,28.2,,03,,,제과점영업,,,,,,경상북도 구미시 옥계동 1137 1층 101호,,2020-11-06 09:31:05
5080000,5080000-121-2019-00002,2019-01-07,영업/정상,,28.70,730-772,39180,또인,제과점영업,I,,,,,상수도전용,,N,2025-12-15 16:15:28,"경상북도 구미시 산호대로25길 49, 부영아파트1차 상가동 1층 103호 (옥계동)",,,,영업,01,28.7,,01,,,제과점영업,,,,327484.389782381    ,294419.839175316    ,경상북도 구미시 옥계동 616-1 부영아파트1차 1층 상가동 103호,,2021-02-16 10:31:41
5080000,5080000-121-2019-00003,2019-01-16,폐업,2022-08-25,52.70,730-929,39311,오늘도예쁘다,제과점영업,I,,,,,상수도전용,,N,2025-12-15 16:15:28,"경상북도 구미시 형곡로 161, 1층 (형곡동)",,,,폐업,02,52.7,,03,,,제과점영업,,,0544581472,320049.592710351    ,290498.655813268    ,경상북도 구미시 형곡동 285-6 1층 ,,2022-08-25 11:00:10
5080000,5080000-121-2019-00004,2019-01-28,폐업,2021-04-20,34.10,730-809,39210,브로트,제과점영업,I,,,,,상수도전용,,N,2025-12-15 16:15:28,"경상북도 구미시 봉곡남로 128-1, 1층 (봉곡동)",,,,폐업,02,34.1,,03,,,제과점영업,,,,318363.84713845     ,295255.312271241    ,경상북도 구미시 봉곡동 387-9 1층 ,,2021-04-20 17:12:38
5080000,5080000-121-2019-00005,2019-01-29,폐업,2020-03-18,38.80,730-921,39302,뺑드나뚜르금오,제과점영업,I,,,,,상수도전용,,N,2025-12-15 16:15:28,"경상북도 구미시 금오산로 152-8, 1층 (원평동)",,,,폐업,02,38.8,,03,,,제과점영업,,,,319495.312155991    ,292403.838631213    ,경상북도 구미시 원평동 408-22 1층 ,,2020-03-18 17:46:20
5080000,5080000-121-2019-00006,2019-02-12,폐업,2019-10-29,37.90,730-921,39302,조제브레드,제과점영업,I,,,,,상수도전용,,N,2025-12-15 16:15:28,"경상북도 구미시 원남로 94, 1층 (원평동)",,,,폐업,02,37.9,,03,,,제과점영업,,,,319729.552111695    ,292690.393972096    ,경상북도 구미시 원평동 90-7 1층 ,,2019-10-29 14:27:18
5080000,5080000-121-2019-00007,2019-03-18,폐업,2020-11-06,23.30,730-300,39449,마카롱프렌즈,제과점영업,I,,,,,상수도전용,,N,2025-12-15 16:15:28,"경상북도 구미시 인동36길 35, 푸르지오 상가동 1층 106호 (구평동)",,,,폐업,02,23.3,,03,,,제과점영업,,,,,,경상북도 구미시 구평동 476 푸르지오 상가동 1층 106호,,2020-11-06 13:14:59
5080000,5080000-121-2019-00008,2019-03-22,영업/정상,,43.20,730-928,39298,킹콩빵도넛츠,제과점영업,I,,,,,상수도전용,,N,2025-12-15 16:15:28,"경상북도 구미시 형곡로 94, 1층 (형곡동)",,,,영업,01,43.2,,01,,,제과점영업,,,,319869.338598545    ,291070.010231736    ,경상북도 구미시 형곡동 152-1 1층 ,,2019-04-01 20:04:44
5080000,5080000-121-2019-00009,2019-04-04,폐업,2019-10-15,38.20,730-812,39146,달콤함에물들다,제과점영업,I,,,,,상수도전용,,N,2025-12-15 16:15:28,"경상북도 구미시 고아읍 들성로 211, 1층",,,,폐업,02,38.2,,03,,,제과점영업,,,,,,경상북도 구미시 고아읍 문성리 1125 1층 ,,2019-10-15 09:46:50
5080000,5080000-121-2019-00010,2019-04-05,폐업,2021-07-08,121.10,730-804,39118,미쁨,제과점영업,I,,,,,상수도전용,,N,2025-12-15 16:15:28,"경상북도 구미시 선산읍 선산대로 1417, 1층",,,,폐업,02,121.1,,03,기타,,제과점영업,,,0546074045,317128.634551385    ,305305.334727676    ,경상북도 구미시 선산읍 동부리 332-1 1층 ,,2021-07-14 11:30:04
5080000,5080000-121-2019-00011,2019-04-09,폐업,2021-07-14,62.10,730-300,39444,미쁨인동점,제과점영업,I,,,,,상수도전용,,N,2025-12-15 16:15:28,"경상북도 구미시 인동60길 6, 1층 (구평동)",,,,폐업,02,62.1,,03,,,제과점영업,,,,330953.496769524    ,288937.341142725    ,경상북도 구미시 구평동 127-13 1층 ,,2021-07-14 10:07:30
5080000,5080000-121-2019-00012,2019-04-15,폐업,2020-06-12,26.10,730-804,39118,마카롱리베,제과점영업,I,,,,,상수도전용,,N,2025-12-15 16:15:28,"경상북도 구미시 선산읍 남문로 56-2, 1층",,,,폐업,02,26.1,,03,,,제과점영업,,,,316919.320482142    ,305443.907625685    ,경상북도 구미시 선산읍 동부리 410-14 1층 ,,2020-06-12 14:26:48
5080000,5080000-121-2019-00013,2019-05-08,영업/정상,,30.77,730-929,39312,따미제,제과점영업,I,,,,,상수도전용,,N,2025-12-15 16:15:28,"경상북도 구미시 형곡동로 73-1, 1층 (형곡동)",,,,영업,01,30.77,,01,,,제과점영업,,,,320207.525288597    ,290636.808404516    ,경상북도 구미시 형곡동 254-16 1층 ,,2023-01-13 17:37:05
5080000,5080000-121-2019-00014,2019-05-10,폐업,2025-01-31,33.70,,39464,꿈달음,제과점영업,I,,,,,상수도전용,,N,2025-12-15 16:15:28,"경상북도 구미시 산동읍 신당1로3길 17-6, 1동 1층 113호",,,,폐업,02,33.7,,03,아파트지역,,제과점영업,,,,,,경상북도 구미시 산동읍 신당리 1418 1층 1동 113호,,2025-01-31 13:59:39
5080000,5080000-121-2019-00015,2019-05-15,폐업,2022-07-18,38.20,730-030,39248,브루네베이커리,제과점영업,I,,,,,상수도전용,,N,2025-12-15 16:15:28,"경상북도 구미시 신비로 39, 상가동 1층 111호 (공단동)",,,,폐업,02,38.2,,03,,,제과점영업,,,,,,경상북도 구미시 공단동 601 1층 상가동 111호,,2022-07-18 11:49:55
5080000,5080000-121-2019-00016,2019-05-23,폐업,2021-12-17,31.40,730-808,39208,윤슬,제과점영업,I,,,,,상수도전용,,N,2025-12-15 16:15:28,"경상북도 구미시 봉곡로15길 47, 1층 (봉곡동)",,,,폐업,02,31.4,,03,,,제과점영업,,,,317553.671594127    ,295444.822053565    ,경상북도 구미시 봉곡동 242-3 1층 ,,2021-12-17 11:11:38
5080000,5080000-121-2019-00017,2019-06-17,영업/정상,,73.20,730-802,39124,연화식품,제과점영업,I,,,,,상수도전용,,N,2025-12-15 16:15:28,"경상북도 구미시 선산읍 선산중앙로7길 20, 1층",,,,영업,01,73.2,,01,기타,,제과점영업,,,0544728154,,,경상북도 구미시 선산읍 이문리 667 1층 ,,2022-12-07 14:18:22
5080000,5080000-121-2019-00018,2019-06-20,폐업,2021-02-10,41.20,,39464,착한빵집확장점,제과점영업,I,,,,,상수도전용,,N,2025-12-15 16:15:28,"경상북도 구미시 산동읍 신당1로2길 15, 1동 1층 107호",,,,폐업,02,41.2,,03,,,제과점영업,,,0544722357,,,경상북도 구미시 산동읍 신당리 1432 1층 1동 107호,,2021-02-10 16:26:19
5080000,5080000-121-2019-00019,2019-07-11,폐업,2025-07-30,77.50,730-080,39347,베이커리팩토리구미점,제과점영업,I,,,,,상수도전용,,N,2025-12-15 16:15:28,"경상북도 구미시 구미대로 174, 홈플러스 구미광평점 1층 (광평동)",,,,폐업,02,77.5,,03,,,제과점영업,,,,322735.286027559    ,290001.107358242    ,경상북도 구미시 광평동 792-21 홈플러스 구미광평점 1층 ,,2025-07-30 14:39:33
5080000,5080000-121-2019-00020,2019-07-16,폐업,2020-09-29,31.60,730-130,39352,베이커리밀빵,제과점영업,I,,,,,상수도전용,,N,2025-12-15 16:15:28,"경상북도 구미시 임은길 50, 1층 (임은동)",,,,폐업,02,31.6,,03,,,제과점영업,,,0544620089,323139.604405606    ,288432.063960315    ,경상북도 구미시 임은동 374-2 1층 ,,2020-09-29 10:51:48
5080000,5080000-121-2019-00021,2019-07-25,폐업,2020-10-29,2.80,730-380,39181,더프렌치양포점,제과점영업,I,,,,,상수도전용,,N,2025-12-15 16:15:28,"경상북도 구미시 옥계2공단로 464, 인동농협하나로마트양포점 내 1층 (옥계동)",,,,폐업,02,2.8,,03,,,제과점영업,,,,,,경상북도 구미시 옥계동 산 58-2 인동농협하나로마트양포점 내 1층 ,,2020-10-29 16:19:13
5080000,5080000-121-2019-00022,2019-08-16,영업/정상,,30.80,730-931,39318,케이키키,제과점영업,I,,,,,상수도전용,,N,2025-12-15 16:15:28,"경상북도 구미시 형곡동로5길 6-21, 1층 (형곡동)",,,,영업,01,30.8,,01,,,제과점영업,,,,320164.451013206    ,290339.485691401    ,경상북도 구미시 형곡동 314-1 1층 ,,2021-11-22 11:58:12
5080000,5080000-121-2019-00023,2019-09-06,폐업,2021-11-11,50.60,730-812,39146,그린빈스255,제과점영업,I,,,,,상수도전용,,N,2025-12-15 16:15:28,"경상북도 구미시 고아읍 들성로 255, 1동 1층",,,,폐업,02,50.6,,03,기타,,제과점영업,,,,,,경상북도 구미시 고아읍 문성리 1284 1층 1동 ,,2021-11-11 17:04:51
5080000,5080000-121-2019-00024,2019-09-18,영업/정상,,37.80,730-929,39319,빵공방,제과점영업,I,,,,,상수도전용,,N,2025-12-15 16:15:28,"경상북도 구미시 형곡서로1길 23-2, 1층 (형곡동)",,,,영업,01,37.8,,01,,,제과점영업,,,0544570082,319896.94238315     ,290379.748215134    ,경상북도 구미시 형곡동 289-16 1층 ,,2021-11-22 11:58:32
5080000,5080000-121-2019-00025,2019-09-23,폐업,2021-01-15,61.70,730-823,39186,바론,제과점영업,I,,,,,상수도전용,,N,2025-12-15 16:15:28,"경상북도 구미시 산호대로27길 33, 1층 (옥계동)",,,,폐업,02,61.7,,03,,,제과점영업,,,,327490.05665958     ,294202.630017702    ,경상북도 구미시 옥계동 620-6 1층 ,,2021-01-15 13:33:04
5080000,5080000-121-2019-00026,2019-10-24,영업/정상,,45.80,,39464,달달한오븐,제과점영업,I,,,,,상수도전용,,N,2025-12-15 16:15:28,"경상북도 구미시 산동읍 신당2로 29, 1동 1층 107호",,,,영업,01,45.8,,01,,,제과점영업,,,0544730409,,,경상북도 구미시 산동읍 신당리 1431 1층 1동 107호,,2019-11-05 08:18:16
5080000,5080000-121-2019-00027,2019-12-09,영업/정상,,14.30,730-908,39196,빵소리도량점,제과점영업,I,,,,,,,N,2025-12-15 16:15:28,"경상북도 구미시 송동로 64, 1층 (도량동)",,,,영업,01,14.3,,01,,,제과점영업,,,,319131.646482495    ,293901.795042321    ,경상북도 구미시 도량동 262-4 1층 ,,2020-09-25 15:40:04
5080000,5080000-121-2019-00028,2019-12-18,폐업,2020-11-13,77.90,730-812,39146,빵굽는남자앤카페,제과점영업,I,,,,,상수도전용,,N,2025-12-15 16:15:28,"경상북도 구미시 고아읍 들성로7길 16, 1동 1층",,,,폐업,02,77.9,,03,,,제과점영업,,,,,,경상북도 구미시 고아읍 문성리 1134 1층 1동 ,,2020-11-13 13:02:58
5080000,5080000-121-2019-00029,2019-12-24,폐업,2021-12-01,313.60,730-916,39221,테라스파이브르폴뒤,제과점영업,I,,,,,상수도전용,,N,2025-12-15 16:15:28,"경상북도 구미시 구미중앙로11길 6, 1층 (원평동)",,,,폐업,02,313.6,,03,,,제과점영업,,,0544541256,319704.94325913     ,292961.115277117    ,경상북도 구미시 원평동 122-6 1층 ,,2021-12-01 16:22:06
5080000,5080000-121-2020-00001,2020-01-13,폐업,2022-07-29,28.40,730-916,39236,소은화,제과점영업,I,,,,,상수도전용,,N,2025-12-15 16:15:28,"경상북도 구미시 칠성로6길 45, 1층 (신평동)",,,,폐업,02,28.4,,03,,,제과점영업,,,,322455.347969969    ,292299.623844782    ,경상북도 구미시 신평동 12-11 1층 ,,2022-07-29 13:56:42
5080000,5080000-121-2020-00002,2020-01-22,폐업,2021-03-31,43.40,730-819,39179,달콤한베이커리,제과점영업,I,,,,,상수도전용,,N,2025-12-15 16:15:28,"경상북도 구미시 흥안로 17, 1층 (옥계동)",,,,폐업,02,43.4,,03,,,제과점영업,,,,327416.702392882    ,294966.273057227    ,경상북도 구미시 옥계동 560-1 1층 ,,2021-03-31 15:17:49
5080000,5080000-121-2020-00003,2020-02-04,영업/정상,,38.60,730-808,39207,럭키제빵소,제과점영업,I,,,,,상수도전용,,N,2025-12-15 16:15:28,"경상북도 구미시 봉곡로 150, 1층 (봉곡동)",,,,영업,01,38.6,,01,,,제과점영업,,,0544442558,317900.842627772    ,295415.579927713    ,경상북도 구미시 봉곡동 234-8 1층 ,,2020-02-05 18:09:26
5080000,5080000-121-2020-00004,2020-02-13,폐업,2023-11-30,92.60,730-809,39210,달달한빵공장,제과점영업,I,,,,,상수도전용,,N,2025-12-15 16:15:28,"경상북도 구미시 봉곡남로 100, 청람빌딩 1층 (봉곡동)",,,,폐업,02,92.6,,03,,,제과점영업,,,,318100.98149808     ,295117.055579537    ,경상북도 구미시 봉곡동 381-3 청람빌딩 1층 ,,2023-12-04 09:01:30
5080000,5080000-121-2020-00005,2020-02-21,폐업,2024-05-03,19.60,730-921,39302,블리론즈,제과점영업,I,,,,,상수도전용,,N,2025-12-15 16:15:28,"경상북도 구미시 금오산로16길 9, 1층 (원평동)",,,,폐업,02,19.6,,03,,,제과점영업,,,,319838.953283118    ,292482.800961266    ,경상북도 구미시 원평동 428-18 1층 ,,2024-05-03 13:40:49
5080000,5080000-121-2020-00006,2020-02-24,폐업,2021-11-11,35.40,730-812,39147,정인국제빵인,제과점영업,I,,,,,상수도전용,,N,2025-12-15 16:15:28,"경상북도 구미시 고아읍 문성로 23, 1동 1층",,,,폐업,02,35.4,,03,,,제과점영업,,,,,,경상북도 구미시 고아읍 문성리 1670 1층 1동 ,,2021-11-11 15:32:21
5080000,5080000-121-2020-00007,2020-03-25,폐업,2023-03-02,45.90,730-908,39202,미미제빵소,제과점영업,I,,,,,상수도전용,,N,2025-12-15 16:15:28,"경상북도 구미시 도봉로 76-47, 1층 (도량동)",,,,폐업,02,45.9,,03,,,제과점영업,,,,318481.677721829    ,293993.713671245    ,경상북도 구미시 도량동 227-4 1층 ,,2023-03-02 09:05:35
5080000,5080000-121-2020-00008,2020-04-01,폐업,2024-07-18,33.30,730-360,39408,더프렌치진평점,제과점영업,I,,,,,상수도전용,,N,2025-12-15 16:15:28,"경상북도 구미시 인동남길 106, 인동농업협동조합 1층 (진평동)",,,,폐업,02,33.3,,03,,,제과점영업,,,0544725877,328443.266245698    ,289490.387368801    ,경상북도 구미시 진평동 12-3 인동농업협동조합 1층 ,,2024-07-18 09:40:33
5080000,5080000-121-2020-00009,2020-04-14,영업/정상,,109.20,730-812,39147,파리바게뜨문성지구점,제과점영업,I,,,,,상수도전용,,N,2025-12-15 16:15:28,"경상북도 구미시 고아읍 동평로 59, 1동 1층",,,,영업,01,109.2,,01,,,제과점영업,,,,,,경상북도 구미시 고아읍 문성리 1587 1층 1동 ,,2021-11-12 14:06:53
5080000,5080000-121-2020-00010,2020-05-15,영업/정상,,45.80,730-824,39181,프레젠트,제과점영업,I,,,,,상수도전용,,N,2025-12-15 16:15:28,"경상북도 구미시 옥계북로1길 4-1, 1층 (옥계동)",,,,영업,01,45.8,,01,,,제과점영업,,,,327652.883640436    ,294090.787880295    ,경상북도 구미시 옥계동 887-10 1층 ,,2023-03-03 09:50:09
5080000,5080000-121-2020-00011,2020-05-18,폐업,2021-05-21,22.10,730-921,39303,마이부레도,제과점영업,I,,,,,상수도전용,,N,2025-12-15 16:15:28,"경상북도 구미시 금오산로14길 8, 1층 (원평동)",,,,폐업,02,22.1,,03,,,제과점영업,,,,319963.661159195    ,292478.6287288      ,경상북도 구미시 원평동 430-2 1층 ,,2021-05-21 15:09:27
5080000,5080000-121-2020-00012,2020-06-23,영업/정상,,52.50,730-932,39430,케이크미,제과점영업,I,,,,,상수도전용,,N,2025-12-15 16:15:28,"경상북도 구미시 인동중앙로3길 6, 1층 (황상동)",,,,영업,01,52.5,,01,,,제과점영업,,,0544752460,327825.606306021    ,290557.680497645    ,경상북도 구미시 황상동 293-2 1층 ,,2020-07-24 09:55:12
5080000,5080000-121-2020-00013,2020-06-29,영업/정상,,34.30,730-807,39211,너의날,제과점영업,I,,,,,상수도전용,,N,2025-12-15 16:15:28,"경상북도 구미시 도봉로 7, 골든프라자 1층 109호 (봉곡동)",,,,영업,01,34.3,,01,,,제과점영업,,,,318125.672190607    ,294068.358000625    ,경상북도 구미시 봉곡동 13-5 골든프라자 1층 109호,,2020-07-29 09:32:54
5080000,5080000-121-2020-00014,2020-07-06,폐업,2022-07-20,62.40,730-808,39204,은화,제과점영업,I,,,,,상수도전용,,N,2025-12-15 16:15:28,"경상북도 구미시 봉곡서로5길 17, 1층 (봉곡동)",,,,폐업,02,62.4,,03,,,제과점영업,,,,317353.031334437    ,295469.067688729    ,경상북도 구미시 봉곡동 245-1 1층 ,,2022-07-20 16:18:56
5080000,5080000-121-2020-00015,2020-07-16,영업/정상,,67.60,730-824,39181,뚜레쥬르구미옥계점,제과점영업,I,,,,,상수도전용,,N,2025-12-15 16:15:28,"경상북도 구미시 옥계북로 9, 1층 (옥계동)",,,,영업,01,67.6,,01,,,제과점영업,,,0544737723,327608.3237473      ,294070.520769667    ,경상북도 구미시 옥계동 890-2 1층 ,,2025-06-20 13:11:44
5080000,5080000-121-2020-00016,2020-07-31,폐업,2022-01-07,49.70,730-842,39454,달콤한빵집,제과점영업,I,,,,,상수도전용,,N,2025-12-15 16:15:28,"경상북도 구미시 장천면 강동로 193-8, 1동 1층",,,,폐업,02,49.7,,03,,,제과점영업,,,,334451.900606893    ,292828.45211777     ,경상북도 구미시 장천면 상장리 900-1 1층 1동 ,,2022-01-07 10:32:09
5080000,5080000-121-2020-00017,2020-08-13,폐업,2025-02-08,36.50,,39464,오늘도맛있다,제과점영업,I,,,,,상수도전용,,N,2025-12-15 16:15:28,"경상북도 구미시 산동읍 신당1로3길 17-3, 1층 110호",,,,폐업,02,36.5,,03,,,제과점영업,,,,,,경상북도 구미시 산동읍 신당리 1422 1층 110호,,2025-02-10 11:42:11
5080000,5080000-121-2020-00018,2020-09-25,폐업,2025-08-04,14.70,730-130,39337,빵소리상모점,제과점영업,I,,,,,상수도전용,,N,2025-12-15 16:15:28,"경상북도 구미시 상사동로6길 3, 1층 (임은동)",,,,폐업,02,14.7,,03,,,제과점영업,,,0544550458,322328.635016957    ,288429.971670252    ,경상북도 구미시 임은동 439-2 1층 ,,2025-08-04 15:48:02
5080000,5080000-121-2020-00019,2020-10-08,영업/정상,,26.50,730-825,39181,몽쉐리베이커리,제과점영업,I,,,,,상수도전용,,N,2025-12-15 16:15:28,"경상북도 구미시 옥계2공단로 464, 인동농협하나로마트양포점 1층 (옥계동)",,,,영업,01,26.5,,01,,,제과점영업,,,,327690.495810786    ,294974.511833479    ,경상북도 구미시 옥계동 457-6 인동농협하나로마트양포점 1층 ,,2020-10-27 09:28:56
5080000,5080000-121-2020-00020,2020-10-22,폐업,2022-03-24,30.10,730-817,39149,케이쿠다,제과점영업,I,,,,,상수도전용,,N,2025-12-15 16:15:28,"경상북도 구미시 고아읍 문장로 198, 1층 103호",,,,폐업,02,30.1,,03,,,제과점영업,,,,,,경상북도 구미시 고아읍 원호리 444 1층 103호,,2022-03-24 17:23:33
5080000,5080000-121-2021-00001,2021-02-15,영업/정상,,39.10,,39464,보문제과,제과점영업,I,,,,,상수도전용,,N,2026-02-13 21:46:10,"경상북도 구미시 산동읍 신당1로2길 15, 1동 1층 107호",,,,영업,01,39.1,,01,,,제과점영업,,,0546047706,,,경상북도 구미시 산동읍 신당리 1432 1층 1동 107호,,2026-02-12 17:21:08
5080000,5080000-121-2021-00002,2021-02-24,영업/정상,,65.40,730-400,39421,더프렌치구포점,제과점영업,I,,,,,상수도전용,,N,2025-12-15 16:15:28,"경상북도 구미시 옥계2공단로 278-12, 1층 (구포동)",,,,영업,01,65.4,,01,,,제과점영업,,,0544745006,327477.990802388    ,293047.809595521    ,경상북도 구미시 구포동 674-4 1층 ,,2021-03-04 18:47:35
5080000,5080000-121-2021-00003,2021-03-02,폐업,2024-01-18,40.00,,39465,더프렌치산동점,제과점영업,I,,,,,상수도전용,,N,2025-12-15 16:15:28,"경상북도 구미시 산동읍 신당4로1길 57, 1층 101호",,,,폐업,02,40,,03,,,제과점영업,,,,,,경상북도 구미시 산동읍 신당리 0 1층 101호,,2024-01-18 14:44:00
5080000,5080000-121-2021-00004,2021-03-05,폐업,2022-12-22,23.20,730-941,39278,그늘아래2호점,제과점영업,I,,,,,상수도전용,,N,2025-12-15 16:15:28,"경상북도 구미시 신시로10길 122, 1층 (송정동)",,,,폐업,02,23.2,,03,,,제과점영업,,,,,,경상북도 구미시 송정동 493 1층 ,,2022-12-22 16:13:03
5080000,5080000-121-2021-00005,2021-03-18,폐업,2021-07-13,100.70,,39464,카페빵선생구미점,제과점영업,I,,,,,상수도전용,,N,2025-12-15 16:15:28,"경상북도 구미시 산동읍 신당1로4길 3, 1층 104,105,106호",,,,폐업,02,100.7,,03,,,제과점영업,,,,,,"경상북도 구미시 산동읍 신당리 1416 1층 104,105,106호 ",,2021-07-13 14:19:18
5080000,5080000-121-2021-00006,2021-03-18,폐업,2025-02-26,244.60,,39464,헤이쿠키,제과점영업,I,,,,,상수도전용,,Y,2025-12-15 16:15:28,"경상북도 구미시 산동읍 신당1로4길 3, 2층 203,204호",,,,폐업,02,244.6,,03,,,제과점영업,,,,,,"경상북도 구미시 산동읍 신당리 1416 2층 203,204호 ",,2025-02-26 16:58:22
5080000,5080000-121-2021-00007,2021-04-02,폐업,2022-07-27,20.90,,39462,렛츠비건,제과점영업,I,,,,,상수도전용,,N,2025-12-15 16:15:28,"경상북도 구미시 산동읍 신당인덕2로2길 4-3, 1동 1층",,,,폐업,02,20.9,,03,,,제과점영업,,,,,,경상북도 구미시 산동읍 신당리 1523 1층 1동 ,,2022-07-27 09:28:29
5080000,5080000-121-2021-00008,2021-04-29,영업/정상,,26.30,730-941,39278,몽블랑베이커리송정점,제과점영업,I,,,,,상수도전용,,N,2025-12-15 16:15:28,"경상북도 구미시 백산로 201, 성산여씨근린생활시설 1층 (송정동)",,,,영업,01,26.3,,01,,,제과점영업,,,,321605.096589513    ,291304.733677518    ,경상북도 구미시 송정동 497-1 성산여씨근린생활시설 1층 ,,2021-05-03 10:42:04
5080000,5080000-121-2021-00009,2021-05-06,영업/정상,,29.90,730-824,39185,빅마트내빵연구소,제과점영업,I,,,,,상수도전용,,N,2025-12-15 16:15:28,"경상북도 구미시 산호대로29길 8-3, 코스모빌딩 1층 110호 (옥계동)",,,,영업,01,29.9,,01,,,제과점영업,,,,327762.632755049    ,293899.70729304     ,경상북도 구미시 옥계동 841-1 코스모빌딩 1층 110호,,2021-05-11 18:12:42
5080000,5080000-121-2021-00010,2021-06-17,폐업,2024-07-01,59.90,730-812,39147,브로트,제과점영업,I,,,,,상수도전용,,N,2025-12-15 16:15:28,"경상북도 구미시 고아읍 동평로7길 3, 1동 1층",,,,폐업,02,59.9,,03,,,제과점영업,,,,,,경상북도 구미시 고아읍 문성리 1569 1층 1동 ,,2024-07-01 15:45:53
5080000,5080000-121-2021-00011,2021-06-22,영업/정상,,112.80,730-142,39362,뚜레쥬르구미북삼점,제과점영업,I,,,,,상수도전용,,N,2025-12-15 16:15:28,"경상북도 구미시 금오대로14길 4, 1층 (오태동)",,,,영업,01,112.8,,01,,,제과점영업,,,,321522.179955663    ,286490.590789987    ,경상북도 구미시 오태동 742-5 1층 ,,2022-05-20 16:08:02
5080000,5080000-121-2021-00012,2021-07-28,폐업,2025-04-25,40.80,730-360,39410,코지베어,제과점영업,I,,,,,상수도전용,,N,2025-12-15 16:15:28,"경상북도 구미시 인동30길 27, 1층 (진평동)",,,,폐업,02,40.8,,03,,,제과점영업,,,,328547.449630185    ,289040.666603603    ,경상북도 구미시 진평동 104-10 1층 ,,2025-04-25 11:54:06
5080000,5080000-121-2021-00013,2021-08-04,영업/정상,,32.10,730-817,39150,정성제과,제과점영업,I,,,,,상수도전용,,N,2025-12-15 16:15:28,"경상북도 구미시 고아읍 문장로 211, 고아농협 하나로클럽 1층",,,,영업,01,32.1,,01,,,제과점영업,,,,319550.140898831    ,295441.705724767    ,경상북도 구미시 고아읍 원호리 428-1 고아농협 하나로클럽 1층 ,,2024-07-18 14:05:42
5080000,5080000-121-2021-00014,2021-08-23,영업/정상,,34.80,730-842,39453,길가온제과점,제과점영업,I,,,,,상수도전용,,N,2025-12-15 16:15:28,"경상북도 구미시 장천면 강동로 176, 1층",,,,영업,01,34.8,,01,,,제과점영업,,,,334522.511571344    ,292681.953252986    ,경상북도 구미시 장천면 상장리 889-1 1층 ,,2021-08-24 17:01:59
5080000,5080000-121-2021-00015,2021-11-12,폐업,2024-12-12,25.70,,39464,지야베이킹,제과점영업,I,,,,,상수도전용,,N,2025-12-15 16:15:28,"경상북도 구미시 산동읍 신당1로2길 13, 1동 4층 401호",,,,폐업,02,25.7,,03,,,제과점영업,,,,,,경상북도 구미시 산동읍 신당리 1433 4층 1동 401호,,2024-12-12 16:25:11
5080000,5080000-121-2021-00016,2021-11-18,폐업,2022-09-06,26.30,730-823,39186,블라썸,제과점영업,I,,,,,상수도전용,,N,2025-12-15 16:15:28,"경상북도 구미시 산호대로27길 10, 1층 (옥계동)",,,,폐업,02,26.3,,03,,,제과점영업,,,07041596038,327483.001120394    ,293946.903254833    ,경상북도 구미시 옥계동 638-1 1층 ,,2022-09-06 10:33:40
5080000,5080000-121-2021-00017,2021-12-03,영업/정상,,39.60,730-812,39152,온맘떡공방,제과점영업,I,,,,,상수도전용,,N,2025-12-15 16:15:28,"경상북도 구미시 고아읍 송평구길 63, 1층",,,,영업,01,39.6,,01,,,제과점영업,,,,322963.775346312    ,297450.496541524    ,경상북도 구미시 고아읍 괴평리 340-1 1층 ,,2021-12-04 09:52:23
5080000,5080000-121-2021-00018,2021-12-06,폐업,2023-08-02,35.50,730-921,39302,굼케이크,제과점영업,I,,,,,상수도전용,,N,2025-12-15 16:15:28,"경상북도 구미시 금오산로18길 11-1, 2층 (원평동)",,,,폐업,02,35.5,,03,,,제과점영업,,,,319651.707019361    ,292475.313684131    ,경상북도 구미시 원평동 415-27 2층 ,,2023-08-02 17:14:00
5080000,5080000-121-2022-00001,2022-02-07,영업/정상,,87.73,730-812,39146,팡게투,제과점영업,I,,,,,상수도전용,,N,2025-12-15 16:15:28,"경상북도 구미시 고아읍 들성로9길 25-10, 주1동 1층",,,,영업,01,87.73,,01,,,제과점영업,,,,,,경상북도 구미시 고아읍 문성리 1155 1층 주1동 ,,2022-03-04 22:02:21
5080000,5080000-121-2022-00002,2022-02-18,폐업,2023-03-08,21.60,730-100,39246,제이투유무지개식자재마트점,제과점영업,I,,,,,상수도전용,,N,2025-12-15 16:15:28,"경상북도 구미시 비산로1길 44, 가동 1층 (비산동)",,,,폐업,02,21.6,,03,,,제과점영업,,,,323658.287855658    ,292287.014321826    ,경상북도 구미시 비산동 436-2 1층 가동 ,,2023-03-08 09:41:10
5080000,5080000-121-2022-00003,2022-02-18,폐업,2023-03-08,21.30,730-100,39246,제이투유스카이마트1호점,제과점영업,I,,,,,상수도전용,,N,2025-12-15 16:15:28,"경상북도 구미시 비산로3길 33-15, 1층 (비산동)",,,,폐업,02,21.3,,03,,,제과점영업,,,,,,경상북도 구미시 비산동 447 1층 ,,2023-03-08 09:41:39
5080000,5080000-121-2022-00004,2022-03-18,영업/정상,,26.56,730-142,39362,달곰,제과점영업,I,,,,,상수도전용,,N,2025-12-15 16:15:28,"경상북도 구미시 금오대로18길 13, 1층 (오태동)",,,,영업,01,26.56,,01,,,제과점영업,,,,321706.11117473     ,286491.000715464    ,경상북도 구미시 오태동 751-1 1층 ,,2022-04-25 19:59:55
5080000,5080000-121-2022-00005,2022-04-01,폐업,2024-09-06,45.35,730-915,39288,개미슈퍼,제과점영업,I,,,,,상수도전용,,N,2025-12-15 16:15:28,"경상북도 구미시 송정대로6길 32-1, 1층 (송정동)",,,,폐업,02,45.35,,03,,,제과점영업,,,,,,경상북도 구미시 송정동 475 1층 ,,2024-09-06 14:16:25
5080000,5080000-121-2022-00006,2022-05-19,영업/정상,,50.54,730-300,39449,붕어빵도맛있는커피집,제과점영업,I,,,,,상수도전용,,N,2025-12-15 16:15:28,"경상북도 구미시 인동38길 15-3, 1층 (구평동)",,,,영업,01,50.54,,01,,,제과점영업,,,,328999.275812202    ,288989.503520136    ,경상북도 구미시 구평동 449-2 1층 ,,2025-12-02 09:40:42
5080000,5080000-121-2022-00007,2022-06-10,영업/정상,,92.32,730-812,39147,시리베이커리문성점,제과점영업,I,,,,,상수도전용,,N,2025-12-15 16:15:28,"경상북도 구미시 고아읍 동평로 34, 1동 1층",,,,영업,01,92.32,,01,,,제과점영업,,,,,,경상북도 구미시 고아읍 문성리 1673 1층 1동 ,,2022-06-29 14:21:13
5080000,5080000-121-2022-00008,2022-06-10,영업/정상,,173.98,730-380,39181,시리베이커리본점,제과점영업,I,,,,,상수도전용,,N,2025-12-15 16:15:28,"경상북도 구미시 옥계신당로5길 21-8, 1층 (옥계동)",,,,영업,01,173.98,,01,,,제과점영업,,,,,,경상북도 구미시 옥계동 1160 1층 ,,2025-03-24 11:33:10
5080000,5080000-121-2022-00009,2022-06-16,영업/정상,,52.33,730-110,39336,라움떡공방,제과점영업,I,,,,,상수도전용,,N,2025-12-15 16:15:28,"경상북도 구미시 상사동로 106, 1층 (사곡동)",,,,영업,01,52.33,,01,,,제과점영업,,,,322345.666707418    ,289035.342753002    ,경상북도 구미시 사곡동 703-5 1층 ,,2022-07-13 18:27:29
5080000,5080000-121-2022-00010,2022-06-16,폐업,2025-12-18,67.14,730-921,39302,옹근베이커리,제과점영업,I,,,,,상수도전용,,N,2025-12-20 02:40:00,"경상북도 구미시 금오산로20길 7-6, 1층 (원평동)",,,,폐업,02,67.14,,03,,,제과점영업,,,,319589.617374427    ,292421.664019571    ,경상북도 구미시 원평동 410-15 1층 ,,2025-12-18 14:12:34
5080000,5080000-121-2022-00011,2022-06-21,영업/정상,,88.96,730-170,39203,굿커피제과제빵,제과점영업,I,,,,,상수도전용,,N,2025-12-15 16:15:28,"경상북도 구미시 야은로 189-9, 1층 (부곡동)",,,,영업,01,88.96,,01,,,제과점영업,,,,,,경상북도 구미시 부곡동 118 1층 ,,2025-02-14 15:02:24
5080000,5080000-121-2022-00012,2022-07-13,영업/정상,,97.43,,39464,로미아스케이크앤디저트,제과점영업,I,,,,,상수도전용,,N,2025-12-15 16:15:28,"경상북도 구미시 산동읍 신당1로4길 20, 1동 2층 204호",,,,영업,01,97.43,,01,,,제과점영업,,,,,,경상북도 구미시 산동읍 신당리 1417 2층 1동 204호,,2023-03-30 14:44:40
5080000,5080000-121-2022-00013,2022-08-03,영업/정상,,46.23,730-808,39208,순수케이크,제과점영업,I,,,,,상수도전용,,N,2025-12-15 16:15:28,"경상북도 구미시 봉곡로17길 11, 1층 (봉곡동)",,,,영업,01,46.23,,01,,,제과점영업,,,,317769.46221673     ,295318.544737749    ,경상북도 구미시 봉곡동 265-8 1층 ,,2022-09-02 11:12:26
5080000,5080000-121-2022-00014,2022-08-16,영업/정상,,73.78,,39464,좋은아침페스츄리구미산동점,제과점영업,I,,,,,상수도전용,,N,2025-12-15 16:15:28,"경상북도 구미시 산동읍 신당1로 24, 바젤-파크시티 제1동 1층 114호",,,,영업,01,73.78,,01,,,제과점영업,,,,,,경상북도 구미시 산동읍 신당리 1458 바젤-파크시티 제1동 1층 114호 ,,2022-09-02 09:45:40
5080000,5080000-121-2022-00015,2022-09-08,폐업,2023-12-18,37.66,,39461,139브레드,제과점영업,I,,,,,상수도전용,,N,2025-12-15 16:15:28,"경상북도 구미시 산동읍 신당인덕1로 139, 중흥에스-클래스에코시티 상가2동 1층 212호",,,,폐업,02,37.66,,03,,,제과점영업,,,,,,경상북도 구미시 산동읍 인덕리 1107 중흥에스-클래스에코시티 1층 상가2동 212호,,2023-12-18 13:56:15
5080000,5080000-121-2022-00016,2022-09-23,폐업,2025-03-31,32.38,730-921,39302,에구구,제과점영업,I,,,,,,,N,2025-12-15 16:15:28,"경상북도 구미시 금오산로22길 13-2, 1층 101호 (원평동)",,,,폐업,02,32.38,,03,,,제과점영업,,,,319589.773072272    ,292494.825217763    ,경상북도 구미시 원평동 409-19 1층 101호,,2025-03-31 09:24:03
5080000,5080000-121-2022-00017,2022-10-31,폐업,2023-08-28,,730-930,39315,구미바게트,제과점영업,I,,,,,,,N,2025-12-15 16:15:28,"경상북도 구미시 신시로 4, 3층 (형곡동)",,,,폐업,02,0,,03,,,제과점영업,,,0544569865,320543.705842745    ,290584.836299837    ,경상북도 구미시 형곡동 186-6 3층 ,,2023-08-28 13:47:05
5080000,5080000-121-2023-00001,2023-02-08,폐업,2026-03-11,30.43,730-817,39149,한누리제과,제과점영업,U,,,,,상수도전용,,N,2026-03-13 21:46:12,"경상북도 구미시 고아읍 문장로22길 37, 한누리타운3차 9동 1층 104호",,,,폐업,02,30.43,,03,,,제과점영업,,,,,,경상북도 구미시 고아읍 원호리 447 한누리타운3차 1층 9동 104호,,2026-03-12 10:19:00
5080000,5080000-121-2023-00002,2023-03-14,영업/정상,,51.67,,39464,보문제과2,제과점영업,I,,,,,상수도전용,,N,2026-02-13 21:46:10,"경상북도 구미시 산동읍 신당1로2길 15, 1동 1층 105호",,,,영업,01,51.67,,01,,,제과점영업,,,0546047706,,,경상북도 구미시 산동읍 신당리 1432 1층 1동 105호,,2026-02-12 17:30:53
5080000,5080000-121-2023-00003,2023-04-10,폐업,2024-11-04,39.68,730-804,39127,망고네디저트,제과점영업,I,,,,,상수도전용,,N,2025-12-15 16:15:28,"경상북도 구미시 선산읍 단계동길 24, 선산시장 A동 2층 34,35호",,,,폐업,02,39.68,,03,,,제과점영업,,,,,,"경상북도 구미시 선산읍 완전리 253 선산시장 2층 34,35호 A동 ",,2024-11-05 09:22:18
5080000,5080000-121-2023-00004,2023-04-11,영업/정상,,37.57,730-120,39332,야금야금,제과점영업,I,,,,,상수도전용,,N,2025-12-15 16:15:28,"경상북도 구미시 박정희로 118, 1층 (상모동)",,,,영업,01,37.57,,01,,,제과점영업,,,,321583.446872237    ,288507.134461772    ,경상북도 구미시 상모동 110-1 1층 ,,2023-11-16 13:28:47
5080000,5080000-121-2023-00005,2023-04-12,영업/정상,,27.56,730-807,39205,이야케이크,제과점영업,I,,,,,,,N,2025-12-15 16:15:28,"경상북도 구미시 봉곡북로11길 26, 1층 (봉곡동)",,,,영업,01,27.56,,01,,,제과점영업,,,,317640.376547731    ,295943.465023761    ,경상북도 구미시 봉곡동 105-3 1층 ,,2023-04-12 17:01:04
5080000,5080000-121-2023-00006,2023-04-20,영업/정상,,47.28,730-930,39315,오에그,제과점영업,I,,,,,상수도전용,,N,2025-12-15 16:15:28,"경상북도 구미시 신시로 10, 1층 (형곡동)",,,,영업,01,47.28,,01,,,제과점영업,,,,320540.570774658    ,290635.166899276    ,경상북도 구미시 형곡동 186-12 1층 ,,2023-06-01 11:25:44
5080000,5080000-121-2023-00007,2023-04-20,폐업,2025-12-18,41.90,730-921,39302,매일의케이크,제과점영업,I,,,,,상수도전용,,N,2025-12-21 02:40:00,"경상북도 구미시 금오산로22길 13-2, 1층 101호 (원평동)",,,,폐업,02,41.9,,03,,,제과점영업,,,,319589.773072272    ,292494.825217763    ,경상북도 구미시 원평동 409-19 1층 101호,,2025-12-19 17:54:13
5080000,5080000-121-2023-00008,2023-05-08,폐업,2024-06-24,44.40,730-932,39431,구미구움과자,제과점영업,I,,,,,상수도전용,,N,2025-12-15 16:15:28,"경상북도 구미시 인동중앙로3길 7, 1층 (황상동)",,,,폐업,02,44.4,,03,,,제과점영업,,,,327801.91420216     ,290555.217601034    ,경상북도 구미시 황상동 309-6 1층 ,,2024-06-24 13:34:14
5080000,5080000-121-2023-00009,2023-06-07,영업/정상,,76.83,730-130,39352,임은빵집,제과점영업,I,,,,,상수도전용,,N,2026-02-04 21:46:10,"경상북도 구미시 왕산로3길 5, 1층 (임은동)",,,,영업,01,76.83,,01,,,제과점영업,,,0544622253,322844.089453371    ,288286.520971825    ,경상북도 구미시 임은동 222-1 1층 ,,2026-02-03 14:42:58
5080000,5080000-121-2023-00010,2023-07-03,영업/정상,,100.36,730-923,39225,뚜레쥬르구미원평점,제과점영업,I,,,,,상수도전용,,N,2025-12-15 16:15:28,"경상북도 구미시 구미중앙로21길 21, 1층 (원평동)",,,,영업,01,100.36,,01,,,제과점영업,,,,320256.956549998    ,292851.954704805    ,경상북도 구미시 원평동 300-5 1층 ,,2023-08-08 11:47:04
5080000,5080000-121-2023-00011,2023-08-02,영업/정상,,128.58,730-927,39294,뚜레쥬르구미형곡제일점,제과점영업,I,,,,,상수도전용,,N,2025-12-15 16:15:28,"경상북도 구미시 신시로 73, 1층 (형곡동)",,,,영업,01,128.58,,01,,,제과점영업,,,,320461.949469495    ,291264.352704117    ,경상북도 구미시 형곡동 144-5 1층 ,,2023-08-23 13:34:59
5080000,5080000-121-2023-00012,2023-08-09,폐업,2025-09-04,40.64,730-110,39325,나나,제과점영업,I,,,,,,,N,2025-12-15 16:15:28,"경상북도 구미시 상사서로 220, 상가동 1층 101호 (사곡동)",,,,폐업,02,40.64,,03,,,제과점영업,,,,322167.763443789    ,289897.494458456    ,경상북도 구미시 사곡동 603-190 1층 상가동 101호,,2025-09-04 15:40:49
5080000,5080000-121-2023-00013,2023-08-28,영업/정상,,,730-930,39315,구미바게뜨,제과점영업,I,,,,,,,N,2025-12-15 16:15:28,"경상북도 구미시 신시로 4, 3층 (형곡동)",,,,영업,01,0,,01,,,제과점영업,,,0544569865,320543.705842745    ,290584.836299837    ,경상북도 구미시 형곡동 186-6 3층 ,,2023-09-19 16:21:17
5080000,5080000-121-2023-00014,2023-11-01,폐업,2026-02-10,44.05,730-916,39220,온기,제과점영업,I,,,,,상수도전용,,N,2026-02-11 21:46:10,"경상북도 구미시 구미중앙로15길 18, 1층 (원평동)",,,,폐업,02,44.05,,03,,,제과점영업,,,,320003.732014685    ,292927.909011999    ,경상북도 구미시 원평동 151-9 1층 ,,2026-02-10 10:36:18
5080000,5080000-121-2023-00015,2023-11-06,폐업,2025-08-20,1.75,730-842,39454,몽블랑베이커리장천점,제과점영업,I,,,,,상수도전용,,N,2025-12-15 16:15:28,"경상북도 구미시 장천면 강동로 167, 주1동 1층",,,,폐업,02,1.75,,03,,,제과점영업,,,,334543.557080094    ,292569.679077412    ,경상북도 구미시 장천면 상장리 707-7 1층 주1동 ,,2025-08-20 17:16:20
5080000,5080000-121-2023-00016,2023-12-04,폐업,2025-02-04,29.11,730-110,39328,허니멜로우샵,제과점영업,I,,,,,상수도전용,,N,2025-12-15 16:15:28,"경상북도 구미시 상사동로 168-1, 1층 (사곡동)",,,,폐업,02,29.11,,03,,,제과점영업,,,,322329.496456277    ,289649.00728276     ,경상북도 구미시 사곡동 665-6 1층 ,,2025-02-04 15:03:16
5080000,5080000-121-2024-00001,2024-01-12,영업/정상,,57.00,,39159,산동빵집,제과점영업,I,,,,,상수도전용,,N,2025-12-15 16:15:28,"경상북도 구미시 산동읍 강동로 1005-3, 주1동 1층",,,,영업,01,57,,01,,,제과점영업,,,,329259.206401414    ,297356.112850653    ,경상북도 구미시 산동읍 적림리 524-32 1층 주1동 ,,2024-02-15 00:23:22
5080000,5080000-121-2024-00002,2024-03-06,영업/정상,,285.68,730-130,39352,블랑제리길,제과점영업,I,,,,,상수도전용,,N,2025-12-15 16:15:28,"경상북도 구미시 1공단로4길 152, 1동 1층 (임은동)",,,,영업,01,285.68,,01,,,제과점영업,,,0547149002,323345.134044624    ,288417.936519339    ,경상북도 구미시 임은동 409-1 1층 1동 ,,2024-05-02 13:47:56
5080000,5080000-121-2024-00004,2024-03-14,영업/정상,,64.33,,39460,파리바게뜨동구미농협하나로점,제과점영업,I,,,,,상수도전용,,N,2025-12-15 16:15:28,"경상북도 구미시 산동읍 해마루공원로 345, C동 1층",,,,영업,01,64.33,,01,,,제과점영업,,,,,,경상북도 구미시 산동읍 신당리 1713 1층 C동 ,,2024-04-16 21:26:42
5080000,5080000-121-2024-00005,2024-03-15,영업/정상,,.97,730-080,39344,(주)신세계푸드베이커리구미점2,제과점영업,I,,,,,상수도전용,,N,2025-12-15 16:15:28,"경상북도 구미시 구미대로 256, 지1층 (광평동)",,,,영업,01,0.97,,01,,,제과점영업,,,,322824.51490748     ,290746.468249832    ,경상북도 구미시 광평동 65-1 지하1층 ,,2025-04-08 13:47:59
5080000,5080000-121-2024-00006,2024-03-21,영업/정상,,30.11,730-921,39301,오아이,제과점영업,I,,,,,상수도전용,,N,2025-12-15 16:15:28,"경상북도 구미시 원남로 57-1, 1층 (원평동)",,,,영업,01,30.11,,01,,,제과점영업,,,,319416.260192079    ,292828.310815799    ,경상북도 구미시 원평동 77-30 1층 ,,2024-05-02 11:59:32
5080000,5080000-121-2024-00007,2024-04-25,폐업,2024-05-19,,730-916,39221,옹근베이커리,제과점영업,I,,,,,,,N,2025-12-15 16:15:28,"경상북도 구미시 구미중앙로9길 11, 구미새마을중앙시장 및 중앙로 동문 상점가 (원평동)",,,,폐업,02,0,,03,,,제과점영업,,,,319639.689265496    ,293071.562676571    ,경상북도 구미시 원평동 117-20 구미새마을중앙시장 및 중앙로 동문 상점가 ,,2024-05-20 04:15:10
5080000,5080000-121-2024-00008,2024-04-25,폐업,2024-06-22,,730-916,39221,옹근베이커리,제과점영업,I,,,,,,,N,2025-12-15 16:15:28,"경상북도 구미시 구미중앙로9길 11, 구미새마을중앙시장 및 중앙로 동문 상점가 (원평동)",,,,폐업,02,0,,03,,,제과점영업,,,,319639.689265496    ,293071.562676571    ,경상북도 구미시 원평동 117-20 구미새마을중앙시장 및 중앙로 동문 상점가 ,,2024-06-23 04:15:08
5080000,5080000-121-2024-00009,2024-05-20,영업/정상,,77.84,730-908,39202,화이트리에,제과점영업,I,,,,,상수도전용,,N,2025-12-15 16:15:28,"경상북도 구미시 야은로 309, 1층 103호 (도량동)",,,,영업,01,77.84,,01,,,제과점영업,,,,318450.992218473    ,293960.097201688    ,경상북도 구미시 도량동 228-5 1층 103호,,2024-06-19 11:14:16
5080000,5080000-121-2024-00010,2024-06-27,영업/정상,,492.98,730-825,39181,피크파크피크,제과점영업,I,,,,,상수도전용,,N,2025-12-15 16:15:28,"경상북도 구미시 옥계2공단로 558-8, 1층 (옥계동)",,,,영업,01,492.98,,01,,,제과점영업,,,,,,경상북도 구미시 옥계동 483-14 1층 ,,2024-07-11 11:20:51
5080000,5080000-121-2024-00011,2024-07-04,영업/정상,,30.30,730-812,39146,드림아워드림,제과점영업,I,,,,,상수도전용,,N,2025-12-15 16:15:28,"경상북도 구미시 고아읍 들성로 235, 1동 1층",,,,영업,01,30.3,,01,,,제과점영업,,,,321061.382362022    ,296424.030967041    ,경상북도 구미시 고아읍 문성리 1185-1 1층 1동 ,,2024-07-11 15:05:41
5080000,5080000-121-2024-00012,2024-07-12,영업/정상,,8.43,730-120,39338,동그리앤원플러스,제과점영업,I,,,,,상수도전용,,N,2025-12-15 16:15:28,"경상북도 구미시 상모로 72, 1층 (상모동)",,,,영업,01,8.43,,01,,,제과점영업,,,,322216.459234002    ,288591.523394851    ,경상북도 구미시 상모동 50-4 1층 ,,2024-12-04 09:53:39
5080000,5080000-121-2024-00013,2024-07-18,영업/정상,,406.17,730-823,39186,빽다방빵연구소구미옥계점,제과점영업,I,,,,,상수도전용,,N,2025-12-15 16:15:28,"경상북도 구미시 산호대로25길 10, 1층 (옥계동)",,,,영업,01,406.17,,01,,,제과점영업,,,,327415.295291527    ,293940.002636181    ,경상북도 구미시 옥계동 636-3 1층 ,,2024-08-13 17:21:30
5080000,5080000-121-2024-00014,2024-07-25,영업/정상,,50.42,,39464,화이트리에산동점,제과점영업,I,,,,,상수도전용,,N,2025-12-15 16:15:28,"경상북도 구미시 산동읍 신당2로 23, 1동 1층 105호",,,,영업,01,50.42,,01,,,제과점영업,,,,,,경상북도 구미시 산동읍 신당리 1439 1층 1동 105호,,2024-08-22 15:21:52
5080000,5080000-121-2024-00015,2024-12-02,영업/정상,,77.30,,39460,유한회사밀밭제빵소산동,제과점영업,I,,,,,상수도전용,,N,2025-12-15 16:15:28,"경상북도 구미시 산동읍 해마루공원로 343, A동 1층",,,,영업,01,77.3,,01,,,제과점영업,,,,,,경상북도 구미시 산동읍 신당리 1715 1층 A동 ,,2025-09-19 11:24:24
5080000,5080000-121-2024-00016,2024-12-09,영업/정상,,7.18,730-400,39421,더프렌치해마루점,제과점영업,I,,,,,,,N,2025-12-15 16:15:28,"경상북도 구미시 해마루공원로 21, 9동 2층 901호 (구포동)",,,,영업,01,7.18,,01,,,제과점영업,,,,,,경상북도 구미시 구포동 1079 2층 9동 901호,,2025-01-07 11:40:52
5080000,5080000-121-2025-00001,2025-03-17,영업/정상,,52.31,730-929,39319,브레드킷,제과점영업,I,,,,,상수도전용,,N,2025-12-15 16:15:28,"경상북도 구미시 형곡로26길 3, 1층 (형곡동)",,,,영업,01,52.31,,01,,,제과점영업,,,,,,경상북도 구미시 형곡동 292 1층 ,,2025-04-14 09:35:32
5080000,5080000-121-2025-00002,2025-03-18,영업/정상,,83.17,730-929,39319,나나에그샵,제과점영업,I,,,,,상수도전용,,N,2025-12-15 16:15:28,"경상북도 구미시 형곡서로1길 21, 청원빌라 1층 101호 (형곡동, 청원빌라)",,,,영업,01,83.17,,01,,,제과점영업,,,,319914.904714917    ,290364.197473642    ,경상북도 구미시 형곡동 289-17 청원빌라 1층 101호,,2025-04-14 10:13:23
5080000,5080000-121-2025-00003,2025-03-19,영업/정상,,35.97,730-926,39291,몰리케이크,제과점영업,I,,,,,상수도전용,,N,2025-12-15 16:15:28,"경상북도 구미시 형곡로 15, 파인빌딩 1층 (형곡동)",,,,영업,01,35.97,,01,,,제과점영업,,,,,,경상북도 구미시 형곡동 105 파인빌딩 1층 ,,2025-04-21 09:37:57
5080000,5080000-121-2025-00004,2025-03-25,영업/정상,,58.94,730-804,39112,마이퍼니베이커리,제과점영업,I,,,,,상수도전용,,N,2025-12-15 16:15:28,"경상북도 구미시 선산읍 선주로 129-60, 2층",,,,영업,01,58.94,,01,,,제과점영업,,,,,,경상북도 구미시 선산읍 동부리 566 2층 ,,2025-04-30 10:29:50
5080000,5080000-121-2025-00005,2025-03-27,영업/정상,,69.29,,39172,미르쿠킹,제과점영업,I,,,,,상수도전용,,N,2025-12-15 16:15:28,"경상북도 구미시 산동읍 산호대로43길 18-7, 1동 1층",,,,영업,01,69.29,,01,,,제과점영업,,,,329764.268847231    ,294216.110002378    ,경상북도 구미시 산동읍 봉산리 386-6 1동 1층 ,,2025-04-25 10:09:42
5080000,5080000-121-2025-00006,2025-04-01,폐업,2025-04-06,,730-921,39305,서정광과자점,제과점영업,I,,,,,,,N,2025-12-15 16:15:28,"경상북도 구미시 산책길 63, 구미금오천 산책로 일대 올림픽기념국민생활관 앞 (원평동)",,,,폐업,02,0,,03,,,제과점영업,,,,319542.919618414    ,292239.51978997     ,경상북도 구미시 원평동 964-451 구미금오천 산책로 일대 올림픽기념국민생활관 앞 ,,2025-04-07 04:15:09
5080000,5080000-121-2025-00007,2025-04-01,폐업,2025-04-06,,730-921,39305,따미제,제과점영업,I,,,,,,,N,2025-12-15 16:15:28,"경상북도 구미시 산책길 63, 구미금오천 산책로 일대 올림픽기념국민생활관 앞 (원평동)",,,,폐업,02,0,,03,,,제과점영업,,,,319542.919618414    ,292239.51978997     ,경상북도 구미시 원평동 964-451 구미금오천 산책로 일대 올림픽기념국민생활관 앞 ,,2025-04-07 04:15:09
5080000,5080000-121-2025-00008,2025-04-01,영업/정상,,96.21,,39464,리시트,제과점영업,I,,,,,상수도전용,,N,2025-12-15 16:15:28,"경상북도 구미시 산동읍 신당1로3길 5-4, 1동 1층 101호, 102호",,,,영업,01,96.21,,01,,,제과점영업,,,,,,"경상북도 구미시 산동읍 신당리 1424 1동 101호, 102호 ",,2025-04-25 09:27:08
5080000,5080000-121-2025-00009,2025-04-03,폐업,2025-04-06,,730-921,39305,벙글다,제과점영업,I,,,,,,,N,2025-12-15 16:15:28,"경상북도 구미시 산책길 63, 구미금오천 산책로 일대 올림픽기념국민생활관 앞 (원평동)",,,,폐업,02,0,,03,,,제과점영업,,,,319542.919618414    ,292239.51978997     ,경상북도 구미시 원평동 964-451 구미금오천 산책로 일대 올림픽기념국민생활관 앞 ,,2025-04-07 04:15:09
5080000,5080000-121-2025-00010,2025-04-04,영업/정상,,43.19,730-808,39207,빵이야기베이커리,제과점영업,I,,,,,상수도전용,,N,2025-12-15 16:15:28,"경상북도 구미시 봉곡로14길 27, 지하1층 (봉곡동)",,,,영업,01,43.19,,01,,,제과점영업,,,,,,경상북도 구미시 봉곡동 291 지하1층 ,,2025-04-28 09:49:00
5080000,5080000-121-2025-00011,2025-04-10,영업/정상,,34.89,730-842,39454,산지제빵소,제과점영업,I,,,,,상수도전용,,N,2025-12-15 16:15:28,"경상북도 구미시 장천면 강동로 151, 1층",,,,영업,01,34.89,,01,,,제과점영업,,,,334621.310165186    ,292455.330132104    ,경상북도 구미시 장천면 상장리 705-6 1층 ,,2025-05-13 09:27:10
5080000,5080000-121-2025-00012,2025-05-02,영업/정상,,2.54,730-807,39207,빵소리로컬푸드,제과점영업,I,,,,,상수도전용,,N,2025-12-15 16:15:28,"경상북도 구미시 봉곡북로 88, 1층 (봉곡동)",,,,영업,01,2.54,,01,,,제과점영업,,,,318128.769091253    ,295610.439809317    ,경상북도 구미시 봉곡동 182-5 1층 ,,2025-05-19 09:37:11
5080000,5080000-121-2025-00013,2025-05-12,영업/정상,,96.12,730-180,39300,우이스띠띠,제과점영업,I,,,,,상수도전용,,N,2025-12-15 16:15:28,"경상북도 구미시 선기로2길 6-9, 1층 (선기동)",,,,영업,01,96.12,,01,,,제과점영업,,,,318660.523205092    ,293088.366342131    ,경상북도 구미시 선기동 747-9 1층 ,,2025-05-26 09:22:02
5080000,5080000-121-2025-00014,2025-05-29,폐업,2025-05-30,,730-916,39236,본카스테라구미점,제과점영업,I,,,,,,,N,2025-12-15 16:15:28,"경상북도 구미시 칠성로2길 47, 장성상가 1층 110호 (신평동)",,,,폐업,02,0,,03,,,제과점영업,,,,322585.733830184    ,292195.02384551     ,경상북도 구미시 신평동 150-17 장성상가 1층 110호 ,,2025-05-30 17:37:23
5080000,5080000-121-2025-00015,2025-06-23,영업/정상,,22.17,730-863,39104,몽블랑베이커리도개휴게소점,제과점영업,I,,,,,상수도전용,,N,2025-12-15 16:15:28,"경상북도 구미시 도개면 낙동대로 3318, 가동 1층",,,,영업,01,22.17,,01,,,제과점영업,,,,320410.626306869    ,310758.990643271    ,경상북도 구미시 도개면 도개리 1007-20 가동 1층 ,,2025-09-01 18:20:23
5080000,5080000-121-2025-00016,2025-06-23,영업/정상,,23.80,730-873,39155,몽블랑베이커리해평점,제과점영업,I,,,,,상수도전용,,N,2025-12-15 16:15:28,"경상북도 구미시 해평면 해평시장1길 6, 해평농업협동조합 1층",,,,영업,01,23.8,,01,,,제과점영업,,,,325170.134499889    ,300215.272723754    ,경상북도 구미시 해평면 낙성리 58-3 해평농업협동조합 1층 ,,2025-08-28 17:50:02
5080000,5080000-121-2025-00017,2025-07-23,영업/정상,,25.07,730-929,39312,차원,제과점영업,I,,,,,상수도전용,,N,2025-12-15 16:15:28,"경상북도 구미시 형곡동로 57, 1층 (형곡동)",,,,영업,01,25.07,,01,,,제과점영업,,,,320210.876818331    ,290465.175093198    ,경상북도 구미시 형곡동 278-4 1층 ,,2025-08-10 17:14:13
5080000,5080000-121-2025-00018,2025-08-05,영업/정상,,79.62,730-925,39234,뚜레쥬르구미농협하나로마트,제과점영업,I,,,,,상수도전용,,N,2025-12-15 16:15:28,"경상북도 구미시 산업로 310, 구미농협파머스마켓 1층 (원평동)",,,,영업,01,79.62,,01,,,제과점영업,,,,,,경상북도 구미시 원평동 1076 구미농협파머스마켓 1층 ,,2025-09-15 11:14:20
5080000,5080000-121-2025-00019,2025-08-06,영업/정상,,38.57,730-130,39337,더프렌치상모점,제과점영업,I,,,,,상수도전용,,N,2025-12-15 16:15:28,"경상북도 구미시 상사동로6길 3, 1층 (임은동)",,,,영업,01,38.57,,01,,,제과점영업,,,,322328.635016957    ,288429.971670252    ,경상북도 구미시 임은동 439-2 1층 ,,2025-09-01 13:52:51
5080000,5080000-121-2025-00021,2025-10-17,폐업,2025-10-19,,730-090,,우리밀베이커리,제과점영업,I,,,,,,,N,2025-12-15 16:15:28,,,,,폐업,02,0,,03,,,제과점영업,,,,,,경상북도 구미시 송정동 501 2025 구미푸드페스티벌 축제장 내 ,,2025-10-20 04:15:08
5080000,5080000-121-2025-00022,2025-10-21,영업/정상,,131.71,730-809,39209,카페버니번베이커리구미봉곡동본점,제과점영업,I,,,,,상수도전용,,Y,2026-01-21 21:46:10,"경상북도 구미시 봉곡남로 20-3, 1,2층 (봉곡동)",,,,영업,01,131.71,,01,,,제과점영업,,,,317388.352204177    ,295280.163048332    ,"경상북도 구미시 봉곡동 312-1 1,2층 ",,2026-01-20 15:25:09
5080000,5080000-121-2025-00023,2025-10-31,영업/정상,,36.88,730-120,39338,모엘리케이크,제과점영업,I,,,,,상수도전용,,N,2025-12-15 16:15:28,"경상북도 구미시 상모로10길 21-69, 1층 (상모동)",,,,영업,01,36.88,,01,,,제과점영업,,,,322215.676727626    ,288482.39765553     ,경상북도 구미시 상모동 64-7 1층 ,,2025-11-18 16:45:57
5080000,5080000-121-2025-00024,2025-11-03,영업/정상,,43.74,,39464,순수당구미산동점,제과점영업,I,,,,,상수도전용,,N,2026-01-01 02:40:00,"경상북도 구미시 산동읍 신당1로1길 17-14, 석세스 1동 1층 104호",,,,영업,01,43.74,,01,,,제과점영업,,,,,,경상북도 구미시 산동읍 신당리 1446 석세스 1동 1층 104호 ,,2025-12-30 16:40:08
5080000,5080000-121-2025-00025,2025-12-01,영업/정상,,66.65,730-812,39147,밤나무언덕베이커리,제과점영업,I,,,,,상수도전용,,N,2026-01-13 21:46:10,"경상북도 구미시 고아읍 문성로 41, 1층",,,,영업,01,66.65,,01,,,제과점영업,,,,,,경상북도 구미시 고아읍 문성리 1727 1층 ,,2026-01-12 20:54:37
5080000,5080000-121-2025-00026,2025-12-05,영업/정상,,28.17,730-941,39278,유스오브케이크,제과점영업,I,,,,,상수도전용,,N,2025-12-17 02:40:00,"경상북도 구미시 신시로10길 125, 1층 (송정동)",,,,영업,01,28.17,,01,,,제과점영업,,,,321670.41621723     ,291265.816554721    ,경상북도 구미시 송정동 497-52 1층 ,,2025-12-15 19:56:33
5080000,5080000-121-2026-00001,2026-01-20,영업/정상,,,730-802,39131,소솜쿠키,제과점영업,I,,,,,,,N,2026-01-21 21:46:10,"경상북도 구미시 선산읍 선주로 6, 나동 1층",,,,영업,01,0,,01,,,제과점영업,,,,316175.025093698    ,304957.084536594    ,경상북도 구미시 선산읍 이문리 457-3 나동 1층 ,,2026-01-20 14:47:37
5080000,5080000-121-2026-00002,2026-02-03,영업/정상,,,730-804,39125,윤쓰당,제과점영업,I,,,,,,,N,2026-02-10 21:46:10,"경상북도 구미시 선산읍 남문로 43-2, 1층",,,,영업,01,0,,01,,,제과점영업,,,,316912.710260482    ,305327.065308698    ,경상북도 구미시 선산읍 완전리 214-2 1층 ,,2026-02-09 11:58:25
5080000,5080000-121-2026-00003,2026-02-05,영업/정상,,,730-929,39310,빌리인더베이글,제과점영업,I,,,,,,,N,2026-02-06 21:46:10,"경상북도 구미시 공원로 349, 1층 (형곡동)",,,,영업,01,0,,01,,,제과점영업,,,,319714.413970713    ,290461.045712715    ,경상북도 구미시 형곡동 289-6 1층 ,,2026-02-05 15:00:01
5080000,5080000-121-2026-00004,2026-03-03,영업/정상,,,730-901,39248,빵글케이크,제과점영업,I,,,,,,,N,2026-03-04 21:46:14,"경상북도 구미시 신비로 81, 1층 (공단동)",,,,영업,01,0,,01,,,제과점영업,,,,,,경상북도 구미시 공단동 104 1층 ,,2026-03-03 11:54:52
